Country,Race Series,Website,Type
USA,Acorn Stakes,https://www.nyra.com/belmont,Thoroughbred
USA,Adios Pace,https://www.meadowsgaming.com/racing,Standardbred
USA,Alabama Stakes,https://www.nyra.com/saratoga,Thoroughbred
USA,Alfred G. Vanderbilt Handicap,https://www.nyra.com/saratoga,Thoroughbred
USA,All American Stakes,https://www.goldengatefields.com,Thoroughbred
USA,American Triple Tiara,https://www.nyra.com,Thoroughbred
USA,Arkansas Derby,https://www.oaklawn.com,Thoroughbred
USA,Arlington Million,https://www.churchilldowns.com,Thoroughbred
USA,Art Rooney Pace,https://www.empirecitycasino.com/racing,Standardbred
USA,Awesome Again Stakes,https://www.santaanita.com,Thoroughbred
USA,Battle of Lake Erie,https://www.northfieldpark.com,Standardbred
USA,Belmont Stakes,https://www.belmontstakes.com,Thoroughbred
USA,Black-Eyed Susan Stakes,https://www.pimlico.com,Thoroughbred
USA,Blue Grass Stakes,https://www.keeneland.com,Thoroughbred
USA,Breeders' Cup Classic,https://www.breederscup.com,Thoroughbred
USA,Breeders Crown,https://www.breederscrown.com,Standardbred
USA,Carolina Cup,https://www.carolinacup.org,Steeplechase
USA,Carter Handicap,https://www.nyra.com/aqueduct,Thoroughbred
USA,Champagne Stakes,https://www.nyra.com/belmont,Thoroughbred
USA,Charles Town Classic,https://www.hollywoodcasinocharlestown.com,Thoroughbred
USA,Cigar Mile Handicap,https://www.nyra.com/aqueduct,Thoroughbred
USA,Clark Handicap,https://www.churchilldowns.com,Thoroughbred
USA,Coaching Club American Oaks,https://www.nyra.com/saratoga,Thoroughbred
USA,Colonial Cup,https://www.carolinacup.org,Steeplechase
USA,Dan Patch Stakes,https://www.harrahshoosierpark.com,Standardbred
USA,Dayton Pacing Derby,https://www.hollywooddaytonraceway.com,Standardbred
USA,Dayton Trotting Derby,https://www.hollywooddaytonraceway.com,Standardbred
USA,Del Mar Debutante,https://www.dmtc.com,Thoroughbred
USA,Del Mar Futurity,https://www.dmtc.com,Thoroughbred
USA,Delaware Handicap,https://www.delawarepark.com,Thoroughbred
USA,Delta Downs Jackpot,https://www.deltadownsracing.com,Thoroughbred
USA,Demoselle Stakes,https://www.nyra.com/aqueduct,Thoroughbred
USA,El Camino Real Derby,https://www.goldengatefields.com,Thoroughbred
USA,Florida Derby,https://www.gulfstreampark.com,Thoroughbred
USA,Forego Stakes,https://www.nyra.com/saratoga,Thoroughbred
USA,Fountain of Youth Stakes,https://www.gulfstreampark.com,Thoroughbred
USA,Fourstardave Handicap,https://www.nyra.com/saratoga,Thoroughbred
USA,Foxfield Races,https://foxfieldraces.com,Steeplechase
USA,Frank J. De Francis Memorial Dash,https://www.laurelpark.com,Thoroughbred
USA,Frizette Stakes,https://www.nyra.com/belmont,Thoroughbred
USA,Gold Cup and Saucer,https://www.redshores.ca,Standardbred
USA,Golden Gate Handicap,https://www.goldengatefields.com,Thoroughbred
USA,Gotham Stakes,https://www.nyra.com/aqueduct,Thoroughbred
USA,Governor's Cup,https://www.playmeadowlands.com,Standardbred
USA,Graduate Series,https://www.playmeadowlands.com,Standardbred
USA,Hambletonian Stakes,https://www.hambletonian.com,Standardbred
USA,Haskell Invitational,https://www.monmouthpark.com,Thoroughbred
USA,Hollywood Derby,https://www.santaanita.com,Thoroughbred
USA,Hollywood Gold Cup,https://www.santaanita.com,Thoroughbred
USA,Hoosier Park Pacing Derby,https://www.harrahshoosierpark.com,Standardbred
USA,Hopeful Stakes,https://www.nyra.com/saratoga,Thoroughbred
USA,Illinois Derby,https://www.hawthornracecourse.com,Thoroughbred
USA,Indiana Derby,https://www.caesars.com/horseshoe-indianapolis,Thoroughbred
USA,International Trot,https://www.empirecitycasino.com/racing,Standardbred
USA,Jerome Stakes,https://www.nyra.com/aqueduct,Thoroughbred
USA,Jim Dandy Stakes,https://www.nyra.com/saratoga,Thoroughbred
USA,Jockey Club Gold Cup,https://www.nyra.com/belmont,Thoroughbred
USA,Jugette,https://www.littlebrownjug.com,Standardbred
USA,Kentucky Derby,https://www.kentuckyderby.com,Thoroughbred
USA,Kentucky Futurity,https://www.redmileky.com,Standardbred
USA,Kentucky Oaks,https://www.kentuckyderby.com/oaks,Thoroughbred
USA,La Brea Stakes,https://www.santaanita.com,Thoroughbred
USA,Little Brown Jug,https://littlebrownjug.com,Standardbred
USA,Louisiana Derby,https://www.fairgroundsracecourse.com,Thoroughbred
USA,Malibu Stakes,https://www.santaanita.com,Thoroughbred
USA,Maple Leaf Trot,https://woodbine.com/mohawk,Standardbred
USA,Meadowlands Pace,https://playmeadowlands.com,Standardbred
USA,Messenger Stakes,https://www.empirecitycasino.com/racing,Standardbred
USA,Metropolitan Handicap,https://www.nyra.com/belmont,Thoroughbred
USA,Milstein Memorial,https://www.northfieldpark.com,Standardbred
USA,Mother Goose Stakes,https://www.nyra.com/belmont,Thoroughbred
USA,Ohio Derby,https://www.thistledown.com,Thoroughbred
USA,Pacific Classic Stakes,https://www.dmtc.com,Thoroughbred
USA,Pennsylvania Derby,https://www.parxracing.com,Thoroughbred
USA,Pegasus World Cup,https://www.gulfstreampark.com,Thoroughbred
USA,Personal Ensign Stakes,https://www.nyra.com/saratoga,Thoroughbred
USA,Preakness Stakes,https://www.preakness.com,Thoroughbred
USA,Progress Pace,https://www.doverdowns.com,Standardbred
USA,Rebel Stakes,https://www.oaklawn.com,Thoroughbred
USA,Remsen Stakes,https://www.nyra.com/aqueduct,Thoroughbred
USA,Rodeo Drive Stakes,https://www.santaanita.com,Thoroughbred
USA,Roosevelt International Trot,https://www.empirecitycasino.com/racing,Standardbred
USA,San Antonio Stakes,https://www.santaanita.com,Thoroughbred
USA,San Carlos Stakes,https://www.santaanita.com,Thoroughbred
USA,San Diego Handicap,https://www.dmtc.com,Thoroughbred
USA,San Felipe Stakes,https://www.santaanita.com,Thoroughbred
USA,San Vicente Stakes,https://www.santaanita.com,Thoroughbred
USA,Santa Anita Derby,https://www.santaanita.com,Thoroughbred
USA,Santa Anita Handicap,https://www.santaanita.com,Thoroughbred
USA,Shadwell Turf Mile Stakes,https://www.keeneland.com,Thoroughbred
USA,Spinaway Stakes,https://www.nyra.com/saratoga,Thoroughbred
USA,Spirit of Massachusetts Trot,https://www.plainridgeparkcasino.com,Standardbred
USA,Stephen Foster Handicap,https://www.churchilldowns.com,Thoroughbred
USA,Sunland Derby,https://www.sunland-park.com,Thoroughbred
USA,Sunshine Millions,https://www.gulfstreampark.com,Thoroughbred
USA,Sword Dancer Invitational,https://www.nyra.com/saratoga,Thoroughbred
USA,Tampa Bay Derby,https://www.tampabaydowns.com,Thoroughbred
USA,Test Stakes,https://www.nyra.com/saratoga,Thoroughbred
USA,The Graduate Series,https://www.playmeadowlands.com,Standardbred
USA,The Red Mile,https://www.redmileky.com,Standardbred
USA,The Yonkers International Trot,https://www.empirecitycasino.com/racing,Standardbred
USA,Tompkins-Geers Stakes,https://www.playmeadowlands.com,Standardbred
USA,Travers Stakes,https://www.nyra.com/saratoga,Thoroughbred
USA,Valley Victory,https://www.playmeadowlands.com,Standardbred
USA,Vosburgh Stakes,https://www.nyra.com/belmont,Thoroughbred
USA,West Virginia Derby,https://www.hollywoodcasinocharlestown.com,Thoroughbred
USA,Whitney Stakes,https://www.nyra.com/saratoga,Thoroughbred
USA,Withers Stakes,https://www.nyra.com/aqueduct,Thoroughbred
USA,Wood Memorial Stakes,https://www.nyra.com/aqueduct,Thoroughbred
USA,Woodward Stakes,https://www.nyra.com/saratoga,Thoroughbred
USA,Yonkers Trot,https://www.empirecitycasino.com/racing,Standardbred
USA,Zenyatta Stakes,https://www.santaanita.com,Thoroughbred
USA,Zweig Memorial,https://www.vernondowns.com,Standardbred
USA,Delaware Oaks,https://www.delawarepark.com/racing/,Thoroughbred
USA,Delaware Certified Stakes,https://www.delawarepark.com/racing/,Thoroughbred
USA,Pimlico Special,https://www.pimlico.com,Thoroughbred
USA,Dixie Stakes,https://www.pimlico.com,Thoroughbred
USA,Baltimore-Washington International Turf Cup,https://www.laurelpark.com,Thoroughbred
USA,Barbara Fritchie Stakes,https://www.laurelpark.com,Thoroughbred
USA,United Nations Stakes,https://www.monmouthpark.com,Thoroughbred
USA,Monmouth Cup,https://www.monmouthpark.com,Thoroughbred
USA,Molly Pitcher Stakes,https://www.monmouthpark.com,Thoroughbred
USA,Pennsylvania Governor's Cup,https://www.hollywoodpnrc.com,Thoroughbred
USA,Penn Mile Stakes,https://www.hollywoodpnrc.com,Thoroughbred
USA,Arden Downs Stakes,https://www.meadowsgaming.com,Standardbred
USA,Holy Bull Stakes,https://www.gulfstreampark.com,Thoroughbred
USA,Gulfstream Park Mile Stakes,https://www.gulfstreampark.com,Thoroughbred
USA,Gulfstream Park Turf Handicap,https://www.gulfstreampark.com,Thoroughbred
USA,Princess Rooney Stakes,https://www.gulfstreampark.com,Thoroughbred
USA,Sam F. Davis Stakes,https://www.tampabaydowns.com,Thoroughbred
USA,Hillsborough Stakes,https://www.tampabaydowns.com,Thoroughbred
USA,Virginia Derby,https://www.colonialdowns.com,Thoroughbred
USA,Virginia Oaks,https://www.colonialdowns.com,Thoroughbred
USA,Delaware Oaks,https://www.delawarepark.com/racing/,Thoroughbred
USA,Delaware Certified Stakes,https://www.delawarepark.com/racing/,Thoroughbred
USA,Pimlico Special,https://www.pimlico.com,Thoroughbred
USA,Dixie Stakes,https://www.pimlico.com,Thoroughbred
USA,Baltimore-Washington International Turf Cup,https://www.laurelpark.com,Thoroughbred
USA,Barbara Fritchie Stakes,https://www.laurelpark.com,Thoroughbred
USA,United Nations Stakes,https://www.monmouthpark.com,Thoroughbred
USA,Monmouth Cup,https://www.monmouthpark.com,Thoroughbred
USA,Molly Pitcher Stakes,https://www.monmouthpark.com,Thoroughbred
USA,Pennsylvania Governor's Cup,https://www.hollywoodpnrc.com,Thoroughbred
USA,Penn Mile Stakes,https://www.hollywoodpnrc.com,Thoroughbred
USA,Lone Star Derby,https://www.lonestarpark.com,Thoroughbred
USA,Steve Sexton Mile Stakes,https://www.lonestarpark.com,Thoroughbred
USA,Risen Star Stakes,https://www.fairgroundsracecourse.com,Thoroughbred
USA,Lecomte Stakes,https://www.fairgroundsracecourse.com,Thoroughbred
USA,New Orleans Handicap,https://www.fairgroundsracecourse.com,Thoroughbred
USA,Delta Princess Stakes,https://www.deltadownsracing.com,Thoroughbred
USA,Beverly D. Stakes,https://www.churchilldowns.com,Thoroughbred
USA,Secretariat Stakes,https://www.churchilldowns.com,Thoroughbred
USA,Indiana Oaks,https://www.caesars.com/horseshoe-indianapolis,Thoroughbred
USA,Iowa Derby,https://www.prairiemeadows.com,Thoroughbred
USA,Cornhusker Handicap,https://www.prairiemeadows.com,Thoroughbred
USA,Minnesota Derby,https://www.canterburypark.com,Thoroughbred
USA,Mystic Lake Derby,https://www.canterburypark.com,Thoroughbred
USA,Lady Canterbury Stakes,https://www.canterburypark.com,Thoroughbred
USA,Apple Blossom Handicap,https://www.oaklawn.com,Thoroughbred
USA,Oaklawn Handicap,https://www.oaklawn.com,Thoroughbred
USA,Remington Springboard Mile Stakes,https://www.remingtonpark.com,Thoroughbred
USA,Oklahoma Derby,https://www.remingtonpark.com,Thoroughbred
USA,Arden Downs Stakes,https://www.meadowsgaming.com,Standardbred
USA,Suburban Handicap,https://www.nyra.com/belmont,Thoroughbred
USA,United Nations Stakes,https://www.monmouthpark.com,Thoroughbred
USA,Monmouth Cup,https://www.monmouthpark.com,Thoroughbred
USA,Molly Pitcher Stakes,https://www.monmouthpark.com,Thoroughbred
USA,Cotillion Stakes,https://www.parxracing.com,Thoroughbred
USA,Gallant Bob Stakes,https://www.parxracing.com,Thoroughbred
USA,Pennsylvania Governor's Cup,https://www.hollywoodpnrc.com,Thoroughbred
USA,Penn Mile Stakes,https://www.hollywoodpnrc.com,Thoroughbred
USA,Adios Pace,https://www.meadowsgaming.com,Standardbred
USA,Arden Downs Stakes,https://www.meadowsgaming.com,Standardbred
USA,Pimlico Special,https://www.pimlico.com,Thoroughbred
USA,Dixie Stakes,https://www.pimlico.com,Thoroughbred
USA,Baltimore-Washington International Turf Cup,https://www.laurelpark.com,Thoroughbred
USA,Maryland Million Classic,https://www.laurelpark.com,Thoroughbred
USA,Barbara Fritchie Stakes,https://www.laurelpark.com,Thoroughbred
USA,Spirit of Massachusetts Trot,https://www.plainridgeparkcasino.com,Standardbred
USA,Delaware Oaks,https://www.delawarepark.com,Thoroughbred
USA,Delaware Certified Stakes,https://www.delawarepark.com,Thoroughbred
USA,Omaha Stakes,https://www.horsemenspark.com,Thoroughbred
USA,Lincoln Derby,https://www.lincolnracecourse.com,Thoroughbred
USA,Michigan Sire Stakes,https://www.bloodhorse.com/horse-racing/articles/111728/michigan-sires-stakes-program-on-hazel-card,Thoroughbred
USA,Northville Stakes,https://www.northvilledowns.com,Thoroughbred
USA,Beverly D. Stakes,https://www.churchilldowns.com,Thoroughbred
USA,Secretariat Stakes,https://www.churchilldowns.com,Thoroughbred
USA,Indiana Oaks,https://www.caesars.com/horseshoe-indianapolis,Thoroughbred
USA,Iowa Derby,https://www.prairiemeadows.com,Thoroughbred
USA,Cornhusker Handicap,https://www.prairiemeadows.com,Thoroughbred
USA,Minnesota Derby,https://www.canterburypark.com,Thoroughbred
USA,Mystic Lake Derby,https://www.canterburypark.com,Thoroughbred
USA,Lady Canterbury Stakes,https://www.canterburypark.com,Thoroughbred
USA,Omaha Stakes,https://www.horsemenspark.com,Thoroughbred
USA,Lincoln Derby,https://www.lincolnracecourse.com,Thoroughbred
USA,Michigan Sire Stakes,https://www.bloodhorse.com/horse-racing/articles/111728/michigan-sires-stakes-program-on-hazel-card,Thoroughbred
USA,Northville Stakes,https://www.northvilledowns.com,Thoroughbred
USA,Arizona Oaks,https://www.turfparadise.com,Thoroughbred
USA,Cotton Fitzsimmons Mile Handicap,https://www.turfparadise.com,Thoroughbred
USA,Phoenix Gold Cup,https://www.turfparadise.com,Thoroughbred
USA,Sunland Park Oaks,https://www.sunland-park.com,Thoroughbred
USA,Mine That Bird Derby,https://www.sunland-park.com,Thoroughbred
USA,All American Futurity,https://www.raceruidoso.com,Quarter_Horse
USA,Rainbow Futurity,https://www.raceruidoso.com,Quarter_Horse
USA,Ruidoso Futurity,https://www.raceruidoso.com,Quarter_Horse
USA,Remington Springboard Mile Stakes,https://www.remingtonpark.com,Thoroughbred
USA,Oklahoma Derby,https://www.remingtonpark.com,Thoroughbred
USA,Remington Park Oaks,https://www.remingtonpark.com,Thoroughbred
USA,Lone Star Derby,https://www.lonestarpark.com,Thoroughbred
USA,Steve Sexton Mile Stakes,https://www.lonestarpark.com,Thoroughbred
USA,Houston Ladies Classic,https://www.shrp.com,Thoroughbred
USA,John B. Connally Turf Cup,https://www.shrp.com,Thoroughbred
USA,American Oaks,https://www.santaanita.com,Thoroughbred
USA,Bing Crosby Stakes,https://www.dmtc.com,Thoroughbred
USA,Eddie Read Stakes,https://www.dmtc.com,Thoroughbred
USA,Matriarch Stakes,https://www.dmtc.com,Thoroughbred
USA,Del Mar Oaks,https://www.dmtc.com,Thoroughbred
USA,San Francisco Mile Stakes,https://www.goldengatefields.com,Thoroughbred
USA,Berkeley Handicap,https://www.goldengatefields.com,Thoroughbred
USA,Longacres Mile Handicap,https://www.emeralddowns.com,Thoroughbred
USA,Emerald Downs Derby,https://www.emeralddowns.com,Thoroughbred
USA,Portland Mile,https://www.portlandmeadows.com,Thoroughbred
USA,Gold Rush Futurity,https://www.mihiracing.com,Thoroughbred
USA,Longacres Mile Stakes,https://www.emeralddowns.com,Thoroughbred
USA,Emerald Downs Derby,https://www.emeralddowns.com,Thoroughbred
USA,Seattle Slew Handicap,https://www.emeralddowns.com,Thoroughbred
USA,Portland Mile,https://www.portlandmeadows.com,Thoroughbred
USA,Oregon Derby,https://www.portlandmeadows.com,Thoroughbred
USA,Indiana Derby,https://www.caesars.com/horseshoe-indianapolis,Thoroughbred
USA,Indiana Oaks,https://www.caesars.com/horseshoe-indianapolis,Thoroughbred
USA,Caesars Stakes,https://www.caesars.com/horseshoe-indianapolis,Thoroughbred
USA,Indiana Grand Stakes,https://www.caesars.com/horseshoe-indianapolis,Thoroughbred
USA,Dan Patch Stakes,https://www.caesars.com/harrahs-hoosier-park,Standardbred
USA,Hoosier Park Pacing Derby,https://www.caesars.com/harrahs-hoosier-park,Standardbred
USA,Caesars Trotting Classic,https://www.caesars.com/harrahs-hoosier-park,Standardbred
USA,Indiana Sires Stakes,https://www.in.gov/hrc/sb/indiana-race-events/indiana-sires-stakes/,Standardbred
USA,Indiana Sired Fair Circuit,https://www.in.gov/hrc/sb/indiana-race-events/indiana-sired-fair-circuit/,Standardbred
USA,Indiana Standardbred Breed Development Stakes,https://www.in.gov/hrc/sb/indiana-race-events/indiana-standardbred-breed-development-stakes/,Standardbred
USA,Indiana Sired Fair Circuit Championship,https://www.in.gov/hrc/sb/indiana-race-events/indiana-sired-fair-circuit/,Standardbred
USA,Indiana State Fair Grand Circuit,https://www.in.gov/hrc/sb/indiana-race-events/indiana-state-fair-grand-circuit/,Standardbred
USA,Indiana Thoroughbred Breed Development Stakes,https://www.in.gov/hrc/tb/indiana-thoroughbred-breed-development-program/,Thoroughbred
USA,Ohio Sires Stakes,https://www.ohha.com,Standardbred
USA,Buckeye Stallion Series,https://www.ohha.com,Standardbred
USA,Ohio Fair Racing Conference,https://www.ohha.com,Standardbred
USA,Ohio State Fair Stakes,https://www.ohha.com,Standardbred
USA,Battle of Lake Erie,https://www.harnessracingohio.com,Standardbred
USA,Carl Milstein Memorial,https://www.harnessracingohio.com,Standardbred
USA,Courageous Lady,https://www.harnessracingohio.com,Standardbred
USA,Jim Ewart Memorial Pace,https://www.harnessracingohio.com,Standardbred
USA,Dayton Pacing Derby,https://www.harnessracingohio.com,Standardbred
USA,Dayton Trotting Derby,https://www.harnessracingohio.com,Standardbred
USA,Ohio Breeders Championship,https://www.littlebrownjug.com,Standardbred
USA,Little Brown Jug,https://www.littlebrownjug.com,Standardbred
USA,Jugette,https://www.littlebrownjug.com,Standardbred
USA,Old Oaken Bucket,https://www.littlebrownjug.com,Standardbred
USA,Buckette,https://www.littlebrownjug.com,Standardbred
USA,Ohio Derby,https://www.thistledown.com,Thoroughbred
USA,Best of Ohio Series,https://www.hollywoodmahoningvalley.com,Thoroughbred
USA,Cleveland Kindergarten Stakes,https://www.thistledown.com,Thoroughbred
USA,Miss Ohio Stakes,https://www.thistledown.com,Thoroughbred
USA,Honey Jay Stakes,https://www.thistledown.com,Thoroughbred
USA,Pay The Man Stakes,https://www.thistledown.com,Thoroughbred
USA,Governor's Buckeye Cup,https://www.thistledown.com,Thoroughbred
USA,Queen City Oaks,https://www.belterra.com,Thoroughbred
USA,Green Carpet Stakes,https://www.belterra.com,Thoroughbred
USA,Tall Stack Stakes,https://www.belterra.com,Thoroughbred
USA,The Next Generation,https://www.harnessracingohio.com,Standardbred
USA,Ohio Sire Stakes Veteran Championships,https://www.harnessracingohio.com,Standardbred
USA,Charlie Hill Memorial Trot,https://www.harnessracingohio.com,Standardbred
USA,Montgomery County Fair,https://www.harnessracingohio.com,Standardbred
USA,Buckeye Stallion Series Finals,https://www.harnessracingohio.com,Standardbred
USA,Ohio Fairs Championship Finals,https://www.harnessracingohio.com,Standardbred
USA,The Horizon Stakes,https://www.hollywoodmahoningvalley.com,Thoroughbred
USA,The Michael G. Mackey Memorial-Angenora Stakes,https://www.thistledown.com,Thoroughbred
USA,The Miss Southern Ohio Stakes,https://www.belterra.com,Thoroughbred
USA,Loyalty Stakes,https://www.belterra.com,Thoroughbred
USA,The Catlaunch Stakes,https://www.thistledown.com,Thoroughbred
USA,The Greg Veit Scarlet & Gray Stakes,https://www.thistledown.com,Thoroughbred
USA,The Emerald Necklace Stakes,https://www.thistledown.com,Thoroughbred
USA,The Best of Ohio Distaff Stakes,https://www.hollywoodmahoningvalley.com,Thoroughbred
USA,The Best of Ohio Endurance Stakes,https://www.hollywoodmahoningvalley.com,Thoroughbred
USA,The Best of Ohio Sprint Stakes,https://www.hollywoodmahoningvalley.com,Thoroughbred
USA,The Southern Park Stakes,https://www.hollywoodmahoningvalley.com,Thoroughbred
USA,The Howard B. Noonan Stakes,https://www.hollywoodmahoningvalley.com,Thoroughbred
USA,The Michael F. Rowland Memorial Stakes,https://www.thistledown.com,Thoroughbred
USA,The J. William Petro Memorial Stakes,https://www.thistledown.com,Thoroughbred
USA,The Tall Stack - Daryl Parker Memorial,https://www.belterra.com,Thoroughbred
USA,The Best of Ohio Green Carpet Stakes,https://www.belterra.com,Thoroughbred
USA,The Best of Ohio Norm Barron - Queen City Oaks,https://www.belterra.com,Thoroughbred
USA,The Best of Ohio Babst/Palacios Memorial Stakes,https://www.belterra.com,Thoroughbred
USA,The Best of Ohio Diana Stakes,https://www.belterra.com,Thoroughbred
USA,The Best of Ohio Sydney Gendelman Memorial Stakes,https://www.belterra.com,Thoroughbred
USA,The George Lewis Memorial,https://www.thistledown.com,Thoroughbred
USA,The Daniel Stearns Cleveland Gold Cup,https://www.thistledown.com,Thoroughbred
USA,The Dr. T.F. Classen Memorial Stakes,https://www.thistledown.com,Thoroughbred
USA,The Cincinnatian Stakes,https://www.belterra.com,Thoroughbred
USA,The Jim Morgan Memorial - Tah Dah Stakes,https://www.belterra.com,Thoroughbred
USA,The Vivacious Stakes,https://www.belterra.com,Thoroughbred
USA,The Hoover Stakes,https://www.belterra.com,Thoroughbred
USA,Alabama Stakes,https://www.nyra.com/saratoga,Thoroughbred
USA,Alabama Classic,https://www.alabamathoroughbred.org,Thoroughbred
USA,Alabama Futurity,https://www.alabamathoroughbred.org,Thoroughbred
USA,Alabama Stallion Stakes,https://www.alabamathoroughbred.org,Thoroughbred
USA,Alabama Juvenile Stakes,https://www.alabamathoroughbred.org,Thoroughbred
USA,Alabama Breeders' Cup,https://www.alabamathoroughbred.org,Thoroughbred
USA,Alabama Derby,https://www.alabamathoroughbred.org,Thoroughbred
USA,Alabama Oaks,https://www.alabamathoroughbred.org,Thoroughbred
USA,Alabama Stallion Stakes,https://www.alabamathoroughbred.org,Thoroughbred
USA,Alabama Sires Stakes,https://www.alabamathoroughbred.org,Thoroughbred
USA,Alabama Thoroughbred Breeders' Stakes,https://www.alabamathoroughbred.org,Thoroughbred
USA,Alabama Stallion Stakes,https://www.alabamathoroughbred.org,Thoroughbred
USA,Arizona Downs Stakes,https://arizonadowns.com/live-horse-racing/stakes/,Thoroughbred
USA,Arizona Breeders' Futurity,https://www.turfparadise.com,Thoroughbred
USA,Arizona Breeders' Derby,https://www.turfparadise.com,Thoroughbred
USA,Arizona Stallion Stakes,https://www.turfparadise.com,Thoroughbred
USA,Arizona Juvenile Stakes,https://www.turfparadise.com,Thoroughbred
USA,Arizona Oaks,https://www.turfparadise.com,Thoroughbred
USA,Cotton Fitzsimmons Mile Handicap,https://www.turfparadise.com,Thoroughbred
USA,Phoenix Gold Cup,https://www.turfparadise.com,Thoroughbred
USA,Sunland Park Oaks,https://www.sunland-park.com,Thoroughbred
USA,Mine That Bird Derby,https://www.sunland-park.com,Thoroughbred
USA,All American Futurity,https://www.raceruidoso.com,Quarter Horse
USA,Rainbow Futurity,https://www.raceruidoso.com,Quarter Horse
USA,Ruidoso Futurity,https://www.raceruidoso.com,Quarter Horse
USA,Cochise County Fair Races,https://www.cochise-county-fair.com,Thoroughbred
USA,Santa Cruz County Fair Races,https://www.sonoitafairgrounds.com,Thoroughbred
USA,Turf Paradise Stakes,https://www.turfparadise.com/stakes-schedule.html,Thoroughbred
USA,Jefferson County Fair Races,https://www.jeffcofair.com,Thoroughbred
USA,Maricopa County Fair Races,https://www.maricopacountyfair.org,Thoroughbred
USA,Pima County Fair Races,https://www.pimacountyfair.com,Thoroughbred
USA,Yavapai County Fair Races,https://www.yavapaifair.com,Thoroughbred
USA,Arizona Thoroughbred Breeders' Association Stakes,https://www.turfparadise.com,Thoroughbred
USA,Arizona Downs Futurity,https://arizonadowns.com,Thoroughbred
USA,Arizona Downs Derby,https://arizonadowns.com,Thoroughbred
USA,Arizona Downs Oaks,https://arizonadowns.com,Thoroughbred
USA,Arizona Downs Classic,https://arizonadowns.com,Thoroughbred
USA,Arizona Downs Sprint,https://arizonadowns.com,Thoroughbred
USA,Arizona Downs Mile,https://arizonadowns.com,Thoroughbred
USA,Arizona Downs Juvenile,https://arizonadowns.com,Thoroughbred
USA,Arizona Downs Distaff,https://arizonadowns.com,Thoroughbred
USA,Arizona Downs Handicap,https://arizonadowns.com,Thoroughbred
USA,Arizona Downs Turf,https://arizonadowns.com,Thoroughbred
USA,Arizona Downs Maiden,https://arizonadowns.com,Thoroughbred
USA,Arizona Downs Allowance,https://arizonadowns.com,Thoroughbred
USA,Arkansas Derby,https://www.oaklawn.com,Thoroughbred
USA,Rebel Stakes,https://www.oaklawn.com,Thoroughbred
USA,Apple Blossom Handicap,https://www.oaklawn.com,Thoroughbred
USA,Oaklawn Handicap,https://www.oaklawn.com,Thoroughbred
USA,Smarty Jones Stakes,https://www.oaklawn.com,Thoroughbred
USA,Southwest Stakes,https://www.oaklawn.com,Thoroughbred
USA,Martha Washington Stakes,https://www.oaklawn.com,Thoroughbred
USA,Honeybee Stakes,https://www.oaklawn.com,Thoroughbred
USA,Fantasy Stakes,https://www.oaklawn.com,Thoroughbred
USA,Razorback Handicap,https://www.oaklawn.com,Thoroughbred
USA,Essex Handicap,https://www.oaklawn.com,Thoroughbred
USA,Count Fleet Sprint Handicap,https://www.oaklawn.com,Thoroughbred
USA,Whitmore Stakes,https://www.oaklawn.com,Thoroughbred
USA,Matron Stakes,https://www.oaklawn.com,Thoroughbred
USA,Hot Springs Stakes,https://www.oaklawn.com,Thoroughbred
USA,Valley of the Vapors Stakes,https://www.oaklawn.com,Thoroughbred
USA,Dig a Diamond Stakes,https://www.oaklawn.com,Thoroughbred
USA,Lake Ouachita Stakes,https://www.oaklawn.com,Thoroughbred
USA,Lake Hamilton Stakes,https://www.oaklawn.com,Thoroughbred
USA,Arkansas Breeders' Championship,https://www.oaklawn.com,Thoroughbred
USA,Arkansas Thoroughbred Breeders' and Horsemen's Association Stakes,https://www.oaklawn.com,Thoroughbred
USA,Arkansas Stallion Stakes,https://www.oaklawn.com,Thoroughbred
USA,Arkansas Juvenile Stakes,https://www.oaklawn.com,Thoroughbred
USA,Arkansas Futurity,https://www.oaklawn.com,Thoroughbred
USA,Arkansas Breeders' Stakes,https://www.oaklawn.com,Thoroughbred
USA,Arkansas Classic,https://www.oaklawn.com,Thoroughbred
USA,Arkansas Distaff Stakes,https://www.oaklawn.com,Thoroughbred
USA,Arkansas Sprint Stakes,https://www.oaklawn.com,Thoroughbred
USA,Arkansas Mile Stakes,https://www.oaklawn.com,Thoroughbred
USA,Arkansas Handicap,https://www.oaklawn.com,Thoroughbred
USA,Arkansas Turf Stakes,https://www.oaklawn.com,Thoroughbred
USA,Arkansas Maiden Stakes,https://www.oaklawn.com,Thoroughbred
USA,Arkansas Allowance Stakes,https://www.oaklawn.com,Thoroughbred
USA,Santa Anita Derby,https://www.santaanita.com,Thoroughbred
USA,Santa Anita Handicap,https://www.santaanita.com,Thoroughbred
USA,TVG Pacific Classic,https://www.dmtc.com,Thoroughbred
USA,Del Mar Futurity,https://www.dmtc.com,Thoroughbred
USA,Hollywood Derby,https://www.dmtc.com,Thoroughbred
USA,Malibu Stakes,https://www.santaanita.com,Thoroughbred
USA,La Brea Stakes,https://www.santaanita.com,Thoroughbred
USA,Clement L. Hirsch Stakes,https://www.dmtc.com,Thoroughbred
USA,Bing Crosby Stakes,https://www.dmtc.com,Thoroughbred
USA,Eddie Read Stakes,https://www.dmtc.com,Thoroughbred
USA,Matriarch Stakes,https://www.dmtc.com,Thoroughbred
USA,Del Mar Oaks,https://www.dmtc.com,Thoroughbred
USA,San Francisco Mile Stakes,https://www.goldengatefields.com,Thoroughbred
USA,Berkeley Handicap,https://www.goldengatefields.com,Thoroughbred
USA,California Dreamin' Stakes,https://www.dmtc.com,Thoroughbred
USA,California Flag Handicap,https://www.santaanita.com,Thoroughbred
USA,California Cup Derby,https://www.santaanita.com,Thoroughbred
USA,California Cup Oaks,https://www.santaanita.com,Thoroughbred
USA,California Cup Sprint,https://www.santaanita.com,Thoroughbred
USA,California Cup Turf Classic,https://www.santaanita.com,Thoroughbred
USA,California Sires Stakes,http://calsired.chhaonline.com,Standardbred
USA,California Standardbred Sires Stakes,http://calsired.chhaonline.com,Standardbred
USA,Alameda County Fair Stakes,https://www.alamedacountyfair.com,Thoroughbred
USA,San Joaquin County Fair Stakes,https://www.sanjoaquinfair.com,Thoroughbred
USA,Sonoma County Fair Stakes,https://www.sonomacountyfair.com,Thoroughbred
USA,Humboldt County Fair Stakes,https://www.humboldtcountyfair.org,Thoroughbred
USA,Los Angeles County Fair Stakes,https://www.lacountyfair.com,Thoroughbred
USA,Big Fresno Fair Stakes,https://www.fresnofair.com,Thoroughbred
USA,San Diego Handicap,https://www.dmtc.com,Thoroughbred
USA,John C. Mabee Stakes,https://www.dmtc.com,Thoroughbred
USA,Del Mar Mile,https://www.dmtc.com,Thoroughbred
USA,Pat O'Brien Stakes,https://www.dmtc.com,Thoroughbred
USA,Del Mar Debutante,https://www.dmtc.com,Thoroughbred
USA,Yellow Ribbon Handicap,https://www.dmtc.com,Thoroughbred
USA,Zenyatta Stakes,https://www.santaanita.com,Thoroughbred
USA,Awesome Again Stakes,https://www.santaanita.com,Thoroughbred
USA,Rodeo Drive Stakes,https://www.santaanita.com,Thoroughbred
USA,Santa Anita Sprint Championship,https://www.santaanita.com,Thoroughbred
USA,City of Hope Mile,https://www.santaanita.com,Thoroughbred
USA,California Standardbred Sires Stakes Series,http://calsired.chhaonline.com,Standardbred
USA,Mile High Futurity,https://casinos.ballys.com/arapahoe-park/,Thoroughbred
USA,Mile High Derby,https://casinos.ballys.com/arapahoe-park/,Thoroughbred
USA,Gold Rush Futurity,https://casinos.ballys.com/arapahoe-park/,Thoroughbred
USA,Colorado Derby,https://casinos.ballys.com/arapahoe-park/,Thoroughbred
USA,CTBA Breeders' Oaks,https://casinos.ballys.com/arapahoe-park/,Thoroughbred
USA,Silver Cup Futurity,https://casinos.ballys.com/arapahoe-park/,Thoroughbred
USA,Western Stakes Futurity,https://casinos.ballys.com/arapahoe-park/,Thoroughbred
USA,Cobra Challenge,https://casinos.ballys.com/arapahoe-park/,Arabian
USA,Colorado Thoroughbred Breeders Association Stakes,http://www.cotba.com,Thoroughbred
USA,Arapahoe Park Summer Meet,https://casinos.ballys.com/arapahoe-park/,Mixed
USA,Colorado County Fair Races,https://cohorseracing.com,Mixed
USA,Charter Oak Stakes (Historical),N/A,Harness Racing
USA,Connecticut Off-Track Betting,https://www.otb.us/mobile/connecticut-off-track-betting.html,Off-Track Betting
USA,Delaware Handicap,https://delawarepark.com/racing/,Thoroughbred
USA,Delaware Oaks,https://delawarepark.com/racing/,Thoroughbred
USA,Robert G. Dick Memorial,https://delawarepark.com/racing/,Thoroughbred
USA,Kent Stakes,https://delawarepark.com/racing/,Thoroughbred
USA,Christiana Stakes,https://delawarepark.com/racing/,Thoroughbred
USA,Alapocas Run Stakes,https://delawarepark.com/racing/,Thoroughbred
USA,Battery Park Stakes,https://delawarepark.com/racing/,Thoroughbred
USA,Dashing Beauty Stakes,https://delawarepark.com/racing/,Thoroughbred
USA,Owners' Day Stakes,https://delawarepark.com/racing/,Thoroughbred
USA,George Rosenberger Memorial,https://delawarepark.com/racing/,Thoroughbred
USA,DTHA Governor's Day Stakes,https://delawarepark.com/racing/,Thoroughbred
USA,Robert W. Camac Memorial,https://delawarepark.com/racing/,Thoroughbred
USA,Rich Glazier Turf Classic,https://delawarepark.com/racing/,Thoroughbred
USA,Delaware Standardbred Breeders' Fund Stakes,https://agriculture.delaware.gov/delaware-standardbred-breeders-fund/,Standardbred
USA,Progress Pace,https://casinos.ballys.com/dover/racing-stakes-calendar.htm,Standardbred
USA,Matron Stakes,https://casinos.ballys.com/dover/racing-stakes-calendar.htm,Standardbred
USA,Bobby Quillen Memorial,https://harringtonraceway.com/liveracing/dates/,Standardbred
USA,Delaware Standardbred Breeders Fund Finals,https://agriculture.delaware.gov/delaware-standardbred-breeders-fund/,Standardbred
USA,Florida Derby,https://www.gulfstreampark.com,Thoroughbred
USA,Pegasus World Cup Invitational,https://www.gulfstreampark.com,Thoroughbred
USA,Fountain of Youth Stakes,https://www.gulfstreampark.com,Thoroughbred
USA,Holy Bull Stakes,https://www.gulfstreampark.com,Thoroughbred
USA,Gulfstream Park Turf Handicap,https://www.gulfstreampark.com,Thoroughbred
USA,Donn Handicap,https://www.gulfstreampark.com,Thoroughbred
USA,Tampa Bay Derby,https://www.tampabaydowns.com,Thoroughbred
USA,Sam F. Davis Stakes,https://www.tampabaydowns.com,Thoroughbred
USA,Tampa Bay Stakes,https://www.tampabaydowns.com,Thoroughbred
USA,Hillsborough Stakes,https://www.tampabaydowns.com,Thoroughbred
USA,Florida Oaks,https://www.tampabaydowns.com,Thoroughbred
USA,Sunshine Millions Series,https://www.gulfstreampark.com,Thoroughbred
USA,Harness Racing at Sunshine Meadows,https://standardbredcanada.ca/news/11-2-23/harness-racing-returns-florida.html,Standardbred
USA,Florida Derby,https://www.gulfstreampark.com,Thoroughbred
USA,Pegasus World Cup Invitational,https://www.gulfstreampark.com,Thoroughbred
USA,Fountain of Youth Stakes,https://www.gulfstreampark.com,Thoroughbred
USA,Holy Bull Stakes,https://www.gulfstreampark.com,Thoroughbred
USA,Gulfstream Park Turf Handicap,https://www.gulfstreampark.com,Thoroughbred
USA,Donn Handicap,https://www.gulfstreampark.com,Thoroughbred
USA,Tampa Bay Derby,https://www.tampabaydowns.com,Thoroughbred
USA,Sam F. Davis Stakes,https://www.tampabaydowns.com,Thoroughbred
USA,Tampa Bay Stakes,https://www.tampabaydowns.com,Thoroughbred
USA,Hillsborough Stakes,https://www.tampabaydowns.com,Thoroughbred
USA,Florida Oaks,https://www.tampabaydowns.com,Thoroughbred
USA,Sunshine Millions Series,https://www.gulfstreampark.com,Thoroughbred
USA,FTBOA Florida Sire Stakes,https://www.ftboa.com,Thoroughbred
USA,Florida Cup Day,https://www.tampabaydowns.com,Thoroughbred
USA,Florida Thoroughbred Breeders' and Owners' Association Stakes,https://www.ftboa.com,Thoroughbred
USA,Calder Derby,https://www.gulfstreampark.com,Thoroughbred
USA,My Dear Girl Stakes,https://www.gulfstreampark.com,Thoroughbred
USA,In Reality Stakes,https://www.gulfstreampark.com,Thoroughbred
USA,Dr. Fager Stakes,https://www.gulfstreampark.com,Thoroughbred
USA,Desert Vixen Stakes,https://www.gulfstreampark.com,Thoroughbred
USA,Florida Stallion Stakes,https://www.gulfstreampark.com,Thoroughbred
USA,Harness Racing at Sunshine Meadows,https://standardbredcanada.ca/news/11-2-23/harness-racing-returns-florida.html,Standardbred
USA,Florida Standardbred Breeders' and Owners' Association Stakes,https://www.floridaharnessracing.com,Standardbred
USA,Florida State Fair Equestrian Events,https://floridastatefair.com/equestrian/,Equestrian
USA,Ocala Breeders' Sales Stakes,https://www.obssales.com,Thoroughbred
USA,Florida Stallion Stakes,https://www.ftboa.com,Thoroughbred
USA,Florida Sire Stakes,https://www.ftboa.com,Thoroughbred
USA,Florida Breeders' Stakes,https://www.ftboa.com,Thoroughbred
USA,Steeplechase at Callaway Gardens,https://steeplechaseatcallaway.com,Thoroughbred
USA,Atlanta Steeplechase,https://www.gahorseracing.org,Thoroughbred
USA,Hawkinsville Harness Festival,https://www.hawkinsville-pulaski.org/harness-horse-training-facility/,Standardbred
USA,Hawkinsville Harness Training Facility Races,https://www.hawkinsville-pulaski.org/harness-horse-training-facility/,Standardbred
USA,Georgia State Fair Horse Show,https://www.georgiastatefair.org,Equestrian_Show
USA,Parker Ranch July 4th Rodeo and Horse Races,https://parkerranch.com,Thoroughbred
USA,Koko O Na Moku Race Track (Historical),https://kaanapaliresort.com/koko-o-na-moku-race-track/,Thoroughbred
USA,Hawaii State Fair Horse Show,https://www.hawaiistatefair.com,Equestrian_Show
USA,Hawaii Polo Club Events,https://www.hawaii-polo.org,Equestrian_Show
USA,Hawaii Island Humane Society Horse Show,https://www.hihs.org,Equestrian_Show
USA,Maui County Fair Horse Races (Historical),https://imagesofoldhawaii.com/sport-of-kings-the-king-of-sports/,Thoroughbred
USA,Kapiolani Park Race Track (Historical),https://imagesofoldhawaii.com/sport-of-kings-the-king-of-sports/,Thoroughbred
USA,Waipouli Race Track (Historical),https://imagesofoldhawaii.com/sport-of-kings-the-king-of-sports/,Thoroughbred
USA,Hoolulu Park Race Track (Historical),https://imagesofoldhawaii.com/sport-of-kings-the-king-of-sports/,Thoroughbred
USA,Idaho Cup Derby and Futurity,https://iqhracing.com/iqh-racing-schedule,Quarter_Horse
USA,Bitterroot Futurity and Derby,https://iqhracing.com/iqh-racing-schedule,Quarter_Horse
USA,Pocatello Downs Flat Track Horse Races,https://idahohighcountry.org/event/pocatello-downs-flat-track-horse-races-2/,Mixed
USA,Jerome County Fair Horse Racing,https://jeromecountyfair.com/event/horse-racing/,Mixed
USA,Cassia County Fair Pari-Mutuel Horse Racing,https://cassiacountyfair.com/pari-mutuel-horse-racing/,Mixed
USA,Lemhi County Fair Horse Races,http://www.lemhicountyfair.com,Mixed
USA,North Idaho State Fair Open Horse Show,https://www.nisfair.fun/p/getconnected/livestock-programs/ohs,Equestrian_Show
USA,Illinois Derby,https://hawthorneracecourse.com,Thoroughbred
USA,Hawthorne Gold Cup,https://hawthorneracecourse.com,Thoroughbred
USA,Chicagoland Handicap,https://hawthorneracecourse.com,Thoroughbred
USA,Robert F. Carey Memorial Handicap,https://hawthorneracecourse.com,Thoroughbred
USA,Illinois Breeders' Debutante Stakes,https://hawthorneracecourse.com,Thoroughbred
USA,Illinois Breeders' Futurity,https://hawthorneracecourse.com,Thoroughbred
USA,Lightning Jet Handicap,https://hawthorneracecourse.com,Thoroughbred
USA,Powerless Handicap,https://hawthorneracecourse.com,Thoroughbred
USA,Peach of It Handicap,https://hawthorneracecourse.com,Thoroughbred
USA,White Oak Handicap,https://hawthorneracecourse.com,Thoroughbred
USA,Springfield Stakes,https://hawthorneracecourse.com,Thoroughbred
USA,Isaac Murphy Handicap,https://hawthorneracecourse.com,Thoroughbred
USA,Lincoln Heritage Handicap,https://hawthorneracecourse.com,Thoroughbred
USA,Black Tie Affair Handicap,https://hawthorneracecourse.com,Thoroughbred
USA,Pat Whitworth Illinois Debutante Stakes,https://hawthorneracecourse.com,Thoroughbred
USA,Jim Edgar Illinois Futurity,https://hawthorneracecourse.com,Thoroughbred
USA,Arlington Million (Historical),https://www.arlingtonpark.com,Thoroughbred
USA,Beverly D. Stakes (Historical),https://www.arlingtonpark.com,Thoroughbred
USA,Secretariat Stakes (Historical),https://www.arlingtonpark.com,Thoroughbred
USA,Hawthorne Night of Champions,https://hawthorneracecourse.com,Standardbred
USA,Illinois State Fair Colt Stakes,https://statefair.illinois.gov/entertainment/harnessracing.html,Standardbred
USA,DuQuoin State Fair Colt Stakes,https://www.agr.state.il.us/dq,Standardbred
USA,Springfield State Fair Stakes,https://statefair.illinois.gov/entertainment/harnessracing.html,Standardbred
USA,Plum Peachy Stakes,https://www.harnessillinois.com,Standardbred
USA,Betzotic Stakes,https://www.harnessillinois.com,Standardbred
USA,Incredible Finale Stakes,https://www.harnessillinois.com,Standardbred
USA,Incredible Tillie Stakes,https://www.harnessillinois.com,Standardbred
USA,Erwin F. Dygert Memorial Trot,https://www.harnessillinois.com,Standardbred
USA,Beulah Dygert Memorial Trot,https://www.harnessillinois.com,Standardbred
USA,Cardinal Stakes,https://www.harnessillinois.com,Standardbred
USA,Violet Stakes,https://www.harnessillinois.com,Standardbred
USA,Governor's Cup,https://www.harnessillinois.com,Standardbred
USA,The Cardinal,https://www.harnessillinois.com,Standardbred
USA,The Violet,https://www.harnessillinois.com,Standardbred
USA,Illinois State Fair Colt Stakes,https://www.harnessillinois.com,Standardbred
USA,DuQuoin State Fair Colt Stakes,https://www.harnessillinois.com,Standardbred
USA,Springfield State Fair Stakes,https://www.harnessillinois.com,Standardbred
USA,Fairmount Park Stakes,https://www.fairmountpark.com,Thoroughbred
USA,St. Louis Derby,https://www.fairmountpark.com,Thoroughbred
USA,All American Stakes,https://www.fairmountpark.com,Thoroughbred
USA,Illinois Thoroughbred Breeders and Owners Foundation Stakes,https://www.itbof.net,Thoroughbred
USA,Illinois Harness Horsemen's Association Stakes,https://www.harnessillinois.com,Standardbred
USA,Illinois Thoroughbred Horsemen's Association Stakes,https://www.itharacing.com,Thoroughbred
USA,Illinois Horsemen's Benevolent & Protective Association Stakes,https://www.ihbpa.org,Thoroughbred
USA,Indiana Derby,https://www.caesars.com/horseshoe-indianapolis,Thoroughbred
USA,Indiana Oaks,https://www.caesars.com/horseshoe-indianapolis,Thoroughbred
USA,Dan Patch Stakes,https://www.caesars.com/harrahs-hoosier-park,Standardbred
USA,Caesars Trotting Classic,https://www.caesars.com/harrahs-hoosier-park,Standardbred
USA,Hoosier Champions,https://www.caesars.com/harrahs-hoosier-park,Standardbred
USA,Jim Doherty Memorial,https://www.caesars.com/harrahs-hoosier-park,Standardbred
USA,Peter Haughton Memorial,https://www.caesars.com/harrahs-hoosier-park,Standardbred
USA,Indiana Sires Stakes,https://www.in.gov/hrc/,Standardbred
USA,Indiana Sired Fair Circuit,https://www.in.gov/hrc/,Standardbred
USA,Indiana State Fair Grand Circuit,https://www.in.gov/hrc/,Standardbred
USA,Indiana Thoroughbred Breed Development Stakes,https://www.in.gov/hrc/,Thoroughbred
USA,Indiana Standardbred Breed Development Stakes,https://www.in.gov/hrc/,Standardbred
USA,Hoosier High-5,https://www.caesars.com/harrahs-hoosier-park,Standardbred
USA,Iowa Derby,https://www.prairiemeadows.com/racing/horsemens-info/thoroughbred-racing,Thoroughbred
USA,Iowa Oaks,https://www.prairiemeadows.com/racing/horsemens-info/thoroughbred-racing,Thoroughbred
USA,Cornhusker Handicap,https://www.prairiemeadows.com/racing/horsemens-info/thoroughbred-racing,Thoroughbred
USA,Iowa Classic Stakes,https://www.prairiemeadows.com/racing/horsemens-info/thoroughbred-racing,Thoroughbred
USA,Governor Terry E. Branstad Stakes,https://www.prairiemeadows.com/racing/horsemens-info/thoroughbred-racing,Thoroughbred
USA,Donna Reed Stakes,https://www.prairiemeadows.com/racing/horsemens-info/thoroughbred-racing,Thoroughbred
USA,John Wayne Stakes,https://www.prairiemeadows.com/racing/horsemens-info/thoroughbred-racing,Thoroughbred
USA,Gray's Lake Stakes,https://www.prairiemeadows.com/racing/horsemens-info/thoroughbred-racing,Thoroughbred
USA,Jim Rasmussen Memorial Stakes,https://www.prairiemeadows.com/racing/horsemens-info/thoroughbred-racing,Thoroughbred
USA,Polk County Derby,https://www.prairiemeadows.com/racing/horsemens-info/thoroughbred-racing,Thoroughbred
USA,Keokuk Stakes,https://www.prairiemeadows.com/racing/horsemens-info/thoroughbred-racing,Thoroughbred
USA,Shakopee Juvenile Stakes,https://www.prairiemeadows.com/racing/horsemens-info/thoroughbred-racing,Thoroughbred
USA,IAHHA Racing Series,https://www.iowaharnessracing.com,Standardbred
USA,What Cheer Fair Races,https://www.iowaharnessracing.com,Standardbred
USA,Humboldt County Fair Races,https://www.iowaharnessracing.com,Standardbred
USA,Keokuk County Fair Races,https://www.iowaharnessracing.com,Standardbred
USA,Van Buren County Fair Races,https://www.iowaharnessracing.com,Standardbred
USA,Clay County Fair Races,https://www.iowaharnessracing.com,Standardbred
USA,Jackson County Fair Races,https://www.iowaharnessracing.com,Standardbred
USA,Mississippi Valley Fair Races,https://www.iowaharnessracing.com,Standardbred
USA,Great Jones County Fair Races,https://www.iowaharnessracing.com,Standardbred
USA,Delaware County Fair Races,https://www.iowaharnessracing.com,Standardbred
USA,Adair County Fair Races,https://www.iowaharnessracing.com,Standardbred
USA,Appanoose County Fair Races,https://www.iowaharnessracing.com,Standardbred
USA,Audubon County Fair Races,https://www.iowaharnessracing.com,Standardbred
USA,Boone County Fair Races,https://www.iowaharnessracing.com,Standardbred
USA,Bremer County Fair Races,https://www.iowaharnessracing.com,Standardbred
USA,Butler County Fair Races,https://www.iowaharnessracing.com,Standardbred
USA,Carroll County Fair Races,https://www.iowaharnessracing.com,Standardbred
USA,Cedar County Fair Races,https://www.iowaharnessracing.com,Standardbred
USA,Central Iowa Fair Races,https://www.iowaharnessracing.com,Standardbred
USA,Clarke County Fair Races,https://www.iowaharnessracing.com,Standardbred
USA,Clayton County Fair Races,https://www.iowaharnessracing.com,Standardbred
USA,Clinton County Fair Races,https://www.iowaharnessracing.com,Standardbred
USA,Crawford County Fair Races,https://www.iowaharnessracing.com,Standardbred
USA,Dallas County Fair Races,https://www.iowaharnessracing.com,Standardbred
USA,Davis County Fair Races,https://www.iowaharnessracing.com,Standardbred
USA,Decatur County Fair Races,https://www.iowaharnessracing.com,Standardbred
USA,Des Moines County Fair Races,https://www.iowaharnessracing.com,Standardbred
USA,Dickinson County Fair Races,https://www.iowaharnessracing.com,Standardbred
USA,Dubuque County Fair Races,https://www.iowaharnessracing.com,Standardbred
USA,Emmet County Fair Races,https://www.iowaharnessracing.com,Standardbred
USA,Fayette County Fair Races,https://www.iowaharnessracing.com,Standardbred
USA,Franklin County Fair Races,https://www.iowaharnessracing.com,Standardbred
USA,Fremont County Fair Races,https://www.iowaharnessracing.com,Standardbred
USA,Greene County Fair Races,https://www.iowaharnessracing.com,Standardbred
USA,Guthrie County Fair Races,https://www.iowaharnessracing.com,Standardbred
USA,Hamilton County Fair Races,https://www.iowaharnessracing.com,Standardbred
USA,Hardin County Fair Races,https://www.iowaharnessracing.com,Standardbred
USA,Harrison County Fair Races,https://www.iowaharnessracing.com,Standardbred
USA,Henry County Fair Races,https://www.iowaharnessracing.com,Standardbred
USA,Howard County Fair Races,https://www.iowaharnessracing.com,Standardbred
USA,Humboldt County Fair Races,https://www.iowaharnessracing.com,Standardbred
USA,Ida County Fair Races,https://www.iowaharnessracing.com,Standardbred
USA,Iowa County Fair Races,https://www.iowaharnessracing.com,Standardbred
USA,Jackson County Fair Races,https://www.iowaharnessracing.com,Standardbred
USA,Jasper County Fair Races,https://www.iowaharnessracing.com,Standardbred
USA,Jefferson County Fair Races,https://www.iowaharnessracing.com,Standardbred
USA,Johnson County Fair Races,https://www.iowaharnessracing.com,Standardbred
USA,Jones County Fair Races,https://www.iowaharnessracing.com,Standardbred
USA,Keokuk County Fair Races,https://www.iowaharnessracing.com,Standardbred
USA,Kossuth County Fair Races,https://www.iowaharnessracing.com,Standardbred
USA,Lee County Fair Races,https://www.iowaharnessracing.com,Standardbred
USA,Linn County Fair Races,https://www.iowaharnessracing.com,Standardbred
USA,Louisa County Fair Races,https://www.iowaharnessracing.com,Standardbred
USA,Lucas County Fair Races,https://www.iowaharnessracing.com,Standardbred
USA,Lyon County Fair Races,https://www.iowaharnessracing.com,Standardbred
USA,Madison County Fair Races,https://www.iowaharnessracing.com,Standardbred
USA,Marion County Fair Races,https://www.iowaharnessracing.com,Standardbred
USA,Marshall County Fair Races,https://www.iowaharnessracing.com,Standardbred
USA,Mills County Fair Races,https://www.iowaharnessracing.com,Standardbred
USA,Mitchell County Fair Races,https://www.iowaharnessracing.com,Standardbred
USA,Monona County Fair Races,https://www.iowaharnessracing.com,Standardbred
USA,Monroe County Fair Races,https://www.iowaharnessracing.com,Standardbred
USA,Montgomery County Fair Races,https://www.iowaharnessracing.com,Standardbred
USA,Muscatine County Fair Races,https://www.iowaharnessracing.com,Standardbred
USA,O'Brien County Fair Races,https://www.iowaharnessracing.com,Standardbred
USA,Osceola County Fair Races,https://www.iowaharnessracing.com,Standardbred
USA,Page County Fair Races,https://www.iowaharnessracing.com,Standardbred
USA,Palo Alto County Fair Races,https://www.iowaharnessracing.com,Standardbred
USA,Plymouth County Fair Races,https://www.iowaharnessracing.com,Standardbred
USA,Pocahontas County Fair Races,https://www.iowaharnessracing.com,Standardbred
USA,Polk County Fair Races,https://www.iowaharnessracing.com,Standardbred
USA,Pottawattamie County Fair Races,https://www.iowaharnessracing.com,Standardbred
USA,Poweshiek County Fair Races,https://www.iowaharnessracing.com,Standardbred
USA,Ringgold County Fair Races,https://www.iowaharnessracing.com,Standardbred
USA,Sac County Fair Races,https://www.iowaharnessracing.com,Standardbred
USA,Scott County Fair Races,https://www.iowaharnessracing.com,Standardbred
USA,Shelby County Fair Races,https://www.iowaharnessracing.com,Standardbred
USA,Sioux County Fair Races,https://www.iowaharnessracing.com,Standardbred
USA,Story County Fair Races,https://www.iowaharnessracing.com,Standardbred
USA,Tama County Fair Races,https://www.iowaharnessracing.com,Standardbred
USA,Taylor County Fair Races,https://www.iowaharnessracing.com,Standardbred
USA,Union County Fair Races,https://www.iowaharnessracing.com,Standardbred
USA,Wapello County Fair Races,https://www.iowaharnessracing.com,Standardbred
USA,Warren County Fair Races,https://www.iowaharnessracing.com,Standardbred
USA,Washington County Fair Races,https://www.iowaharnessracing.com,Standardbred
USA,Wayne County Fair Races,https://www.iowaharnessracing.com,Standardbred
USA,Webster County Fair Races,https://www.iowaharnessracing.com,Standardbred
USA,Winnebago County Fair Races,https://www.iowaharnessracing.com,Standardbred
USA,Winneshiek County Fair Races,https://www.iowaharnessracing.com,Standardbred
USA,Woodbury County Fair Races,https://www.iowaharnessracing.com,Standardbred
USA,Worth County Fair Races,https://www.iowaharnessracing.com,Standardbred
USA,Wright County Fair Races,https://www.iowaharnessracing.com,Standardbred
USA,Woodlands Racetrack (Historical),https://www.kansasracing.org,Thoroughbred
USA,Anthony Downs (Historical),https://www.kansasracing.org,Thoroughbred
USA, Eureka Downs (Historical),https://www.kansasracing.org,Thoroughbred
USA, Kansas State Fair Horse Show,https://www.kansasstatefair.com,Equestrian_Show
USA, Kansas Thoroughbred Association Stakes,https://www.kansasthoroughbred.org,Thoroughbred
USA, Kansas Quarter Horse Racing Association Stakes,https://www.kqhra.com,Quarter_Horse
USA, Kansas State Fair Harness Racing (Historical),https://www.kansasstatefair.com,Standardbred
USA, Park City Horse Racing Facility (Upcoming),https://www.ksn.com/news/local/park-city-approves-zoning-for-horse-racing-facility/,Thoroughbred
USA, Golden Circle Historical Horse Racing Facility (Upcoming),https://publicsquare.ks.gov/required/event-page/2024/05/17/racing-gaming/krgc-monthly-meeting,Thoroughbred
USA,Kentucky Derby,https://www.kentuckyderby.com,Thoroughbred
USA,Kentucky Oaks,https://www.kentuckyderby.com,Thoroughbred
USA,Breeders' Cup,https://www.breederscup.com,Thoroughbred
USA,Blue Grass Stakes,https://www.keeneland.com,Thoroughbred
USA,Clark Handicap,https://www.churchilldowns.com,Thoroughbred
USA,Stephen Foster Handicap,https://www.churchilldowns.com,Thoroughbred
USA,Woodford Reserve Turf Classic,https://www.churchilldowns.com,Thoroughbred
USA,Shadwell Turf Mile Stakes,https://www.keeneland.com,Thoroughbred
USA,Alcibiades Stakes,https://www.keeneland.com,Thoroughbred
USA,Spinster Stakes,https://www.keeneland.com,Thoroughbred
USA,Queen Elizabeth II Challenge Cup Stakes,https://www.keeneland.com,Thoroughbred
USA,Jeff Ruby Steaks,https://www.turfway.com,Thoroughbred
USA,Ellis Park Derby,https://ellisparkracing.com,Thoroughbred
USA,Kentucky Downs Turf Sprint,https://kentuckydowns.com,Thoroughbred
USA,Franklin-Simpson Stakes,https://kentuckydowns.com,Thoroughbred
USA,Kentucky Cup Classic,https://www.turfway.com,Thoroughbred
USA,Commonwealth Turf Stakes,https://www.churchilldowns.com,Thoroughbred
USA,Kentucky Jockey Club Stakes,https://www.churchilldowns.com,Thoroughbred
USA,Golden Rod Stakes,https://www.churchilldowns.com,Thoroughbred
USA,Kentucky Sire Stakes,https://khrc.ky.gov,Standardbred
USA,Red Mile Grand Circuit Meet,https://www.redmileky.com,Standardbred
USA,Bluegrass Stakes (Standardbred),https://www.redmileky.com,Standardbred
USA,Tattersalls Pace,https://www.redmileky.com,Standardbred
USA,International Stallion Stakes,https://www.redmileky.com,Standardbred
USA,Governor's Cup (Standardbred),https://www.redmileky.com,Standardbred
USA,Kentucky Futurity,https://www.redmileky.com,Standardbred
USA,Kentucky Filly Futurity,https://www.redmileky.com,Standardbred
USA,Oak Grove Early Sire Stakes,https://www.oakgrovegaming.com,Standardbred
USA,Oak Grove Late Sire Stakes,https://www.oakgrovegaming.com,Standardbred
USA,Kentucky Proud Series,https://khrc.ky.gov,Standardbred
USA,Kentucky State Fair Harness Racing,https://kystatefair.org,Standardbred
USA,Kentucky County Fair Harness Racing,https://khrc.ky.gov,Standardbred
USA,Louisiana Derby,https://www.fairgroundsracecourse.com,Thoroughbred
USA,Louisiana Stakes,https://www.fairgroundsracecourse.com,Thoroughbred
USA,Lecomte Stakes,https://www.fairgroundsracecourse.com,Thoroughbred
USA,Risen Star Stakes,https://www.fairgroundsracecourse.com,Thoroughbred
USA,Fair Grounds Oaks,https://www.fairgroundsracecourse.com,Thoroughbred
USA,New Orleans Classic,https://www.fairgroundsracecourse.com,Thoroughbred
USA,Muniz Memorial Handicap,https://www.fairgroundsracecourse.com,Thoroughbred
USA,Louisiana Champions Day,https://www.fairgroundsracecourse.com,Thoroughbred
USA,Thanksgiving Classic,https://www.fairgroundsracecourse.com,Thoroughbred
USA,Super Derby,https://www.caesars.com/louisiana-downs,Thoroughbred
USA,Louisiana Downs Oaks,https://www.caesars.com/louisiana-downs,Thoroughbred
USA,Evangeline Mile,https://www.evangelinedowns.com,Thoroughbred
USA,Evangeline Downs Turf Sprint,https://www.evangelinedowns.com,Thoroughbred
USA,Delta Downs Jackpot Stakes,https://www.deltadowns.com,Thoroughbred
USA,Delta Downs Princess Stakes,https://www.deltadowns.com,Thoroughbred
USA,Jean Lafitte Stakes,https://www.deltadowns.com,Thoroughbred
USA,Louisiana Premier Night,https://www.deltadowns.com,Thoroughbred
USA,Mardi Gras Futurity,http://www.lqhba.com,Quarter_Horse
USA,Mardi Gras Derby,http://www.lqhba.com,Quarter_Horse
USA,Louisiana QHBA Futurity,http://www.lqhba.com,Quarter_Horse
USA,Louisiana QHBA Derby,http://www.lqhba.com,Quarter_Horse
USA,Evangeline Downs Futurity,http://www.lqhba.com,Quarter_Horse
USA,Lee Berwick Futurity,http://www.lqhba.com,Quarter_Horse
USA,Louisiana Champions Day Quarter Horse Stakes,https://www.fairgroundsracecourse.com,Quarter_Horse
USA,Claiming Crown,https://www.fairgroundsracecourse.com,Thoroughbred
USA,Fair Grounds Stakes,https://www.fairgroundsracecourse.com,Thoroughbred
USA,Tom Benson Memorial,https://www.fairgroundsracecourse.com,Thoroughbred
USA,Gary P. Palmisano Memorial,https://www.fairgroundsracecourse.com,Thoroughbred
USA,Bob F. Wright Memorial,https://www.fairgroundsracecourse.com,Thoroughbred
USA,Nelson J. Menard Memorial,https://www.fairgroundsracecourse.com,Thoroughbred
USA,Louisiana Stallion of the Year "Star Guitar",https://www.fairgroundsracecourse.com,Thoroughbred
USA,Louisiana Broodmare of the Year "Lipstick Junky",https://www.fairgroundsracecourse.com,Thoroughbred
USA,Star Guitar Presented by Brittlyn Stable,https://www.fairgroundsracecourse.com,Thoroughbred
USA,Shantel Lanerie Memorial,https://www.fairgroundsracecourse.com,Thoroughbred
USA,Page Cortez,https://www.fairgroundsracecourse.com,Thoroughbred
USA,Maine Sire Stakes,https://www.maine.gov/dacf/harnessracing/breedersprogram/index.shtml,Standardbred
USA,Skowhegan State Fair Races,https://skowheganstatefair.com,Standardbred
USA,Windsor Fair Races,https://www.windsorfair.com,Standardbred
USA,Fryeburg Fair Races,https://www.fryeburgfair.org,Standardbred
USA,Union Fair Races,https://www.unionfair.org,Standardbred
USA,Topsham Fair Races,https://www.topshamfair.net,Standardbred
USA,Bangor Raceway,https://www.hollywoodcasinobangor.com/racing/racing-calendar,Standardbred
USA,First Tracks Cumberland,https://firsttrackscumberland.com,Standardbred
USA,Oxford County Fair Races,https://www.oxfordcountyfair.com,Standardbred
USA,Scarborough Downs (Historical),https://www.scarboroughdowns.com,Standardbred
USA,Maine Breeders Stakes,https://www.maine.gov/dacf/harnessracing/breedersprogram/index.shtml,Standardbred
USA,Maine State Fair Harness Racing,https://www.maine.gov/dacf/harnessracing/index.shtml,Standardbred
USA,Preakness Stakes,https://www.preakness.com,Thoroughbred
USA,Black-Eyed Susan Stakes,https://www.pimlico.com,Thoroughbred
USA,Maryland Million,https://www.laurelpark.com,Thoroughbred
USA,Frank J. De Francis Memorial Dash,https://www.laurelpark.com,Thoroughbred
USA,Barbara Fritchie Stakes,https://www.laurelpark.com,Thoroughbred
USA,General George Stakes,https://www.laurelpark.com,Thoroughbred
USA,Pimlico Special,https://www.pimlico.com,Thoroughbred
USA,Dixie Stakes,https://www.pimlico.com,Thoroughbred
USA,Maryland Sprint Handicap,https://www.pimlico.com,Thoroughbred
USA,Laurel Futurity,https://www.laurelpark.com,Thoroughbred
USA,Selima Stakes,https://www.laurelpark.com,Thoroughbred
USA,Maryland Juvenile Futurity,https://www.laurelpark.com,Thoroughbred
USA,Maryland Juvenile Filly Championship,https://www.laurelpark.com,Thoroughbred
USA,Federico Tesio Stakes,https://www.laurelpark.com,Thoroughbred
USA,Weber City Miss Stakes,https://www.laurelpark.com,Thoroughbred
USA,Jim McKay Turf Sprint,https://www.pimlico.com,Thoroughbred
USA,Gallorette Stakes,https://www.pimlico.com,Thoroughbred
USA,Maryland State Fair Racing,https://marylandstatefair.com/horse-racing/,Thoroughbred
USA,Rosecroft Raceway Harness Racing,https://www.rosecroft.com,Standardbred
USA,Ocean Downs Harness Racing,https://oceandowns.com,Standardbred
USA,Maryland Sire Stakes,https://www.msrfonline.com,Standardbred
USA,Maryland Standardbred Race Fund,https://www.msrfonline.com,Standardbred
USA,Maryland Sire Stakes Finals,https://www.msrfonline.com,Standardbred
USA,Maryland Breeders Challenge,https://www.msrfonline.com,Standardbred
USA,Maryland Sire Stakes Consolations,https://www.msrfonline.com,Standardbred
USA,Maryland Sire Stakes Preliminaries,https://www.msrfonline.com,Standardbred
USA,Maryland Hunt Cup,https://www.marylandhuntcup.com,Steeplechase
USA,My Lady's Manor,https://www.marylandsteeplechasing.com,Steeplechase
USA,Grand National Steeplechase,https://www.marylandsteeplechasing.com,Steeplechase
USA,Legacy Chase,https://www.gbmc.org/legacychase,Steeplechase
USA,Howard County Cup,https://www.marylandsteeplechasing.com,Steeplechase
USA,Spirit of Massachusetts Trot,https://horseracingma.com,Standardbred
USA,Clara Barton Pace,https://horseracingma.com,Standardbred
USA,Massachusetts Sire Stakes,https://www.mass.gov/info-details/standardbred-breeding-program,Standardbred
USA,Plainridge Park Casino Race Series,https://horseracingma.com,Standardbred
USA,Massachusetts State Fair Racing,https://massgaming.com/about/horse-racing/,Standardbred
USA,Massachusetts Stallion Stakes,https://massbreds.com,Thoroughbred
USA,Massachusetts Bred Stakes,https://massbreds.com,Thoroughbred
USA,Suffolk Downs Stakes (Historical),https://www.suffolkdowns.com,Thoroughbred
USA,Massachusetts Handicap (Historical),https://www.suffolkdowns.com,Thoroughbred
USA,Northville Downs Standardbred Race Dates,https://www.michigan.gov/mgcb/-/media/Project/Websites/mgcb/Horse-Racing/Calendar/2024-Race-Dates-Northville-Downs-10-Days.pdf,Standardbred
USA,Michigan Colt Stakes (Sired),https://www.mhha.com/Stakes-Program,Standardbred
USA,Michigan Colt Stakes (Mixed),https://www.mhha.com/Stakes-Program,Standardbred
USA,Michigan Sire Stakes,https://www.mhha.com/Stakes-Program,Standardbred
USA,Spartan Stakes,https://www.mhha.com/Stakes-Program,Standardbred
USA,Great Lakes Stakes,https://www.mhha.com/Stakes-Program,Standardbred
USA,Croswell Agricultural Society Fair Races,http://fairs.ustrotting.com/findafair/schedule.cfm?state=mi,Standardbred
USA,Tuscola County Fair Races,http://fairs.ustrotting.com/findafair/schedule.cfm?state=mi,Standardbred
USA,Eaton County 4-H Fair Races,http://fairs.ustrotting.com/findafair/schedule.cfm?state=mi,Standardbred
USA,Michigan Summer Fair Program,https://www.mhha.com/Stakes-Program,Standardbred
USA,10,000 Lakes Stakes,https://www.canterburypark.com/thoroughbred-stakes-schedule/,Thoroughbred
USA,Lady Slipper Stakes,https://www.canterburypark.com/thoroughbred-stakes-schedule/,Thoroughbred
USA,Lady Canterbury Stakes,https://www.canterburypark.com/thoroughbred-stakes-schedule/,Thoroughbred
USA,Brooks Fields Mile,https://www.canterburypark.com/thoroughbred-stakes-schedule/,Thoroughbred
USA,Canterbury Derby,https://www.canterburypark.com/thoroughbred-stakes-schedule/,Thoroughbred
USA,Dark Star Turf Sprint Overnight Handicap,https://www.canterburypark.com/thoroughbred-stakes-schedule/,Thoroughbred
USA,Curtis Sampson Oaks Overnight Handicap,https://www.canterburypark.com/thoroughbred-stakes-schedule/,Thoroughbred
USA,Mr. Dale Filly & Mare Turf Sprint Overnight Handicap,https://www.canterburypark.com/thoroughbred-stakes-schedule/,Thoroughbred
USA,Ralph Strangis Overnight Handicap,https://www.canterburypark.com/thoroughbred-stakes-schedule/,Thoroughbred
USA,Minnesota Turf Distaff Overnight Handicap,https://www.canterburypark.com/thoroughbred-stakes-schedule/,Thoroughbred
USA,Victor S. Myers Overnight Handicap,https://www.canterburypark.com/thoroughbred-stakes-schedule/,Thoroughbred
USA,Frances Genter Overnight Handicap,https://www.canterburypark.com/thoroughbred-stakes-schedule/,Thoroughbred
USA,Minnesota Derby,https://www.canterburypark.com/thoroughbred-stakes-schedule/,Thoroughbred
USA,Minnesota Oaks,https://www.canterburypark.com/thoroughbred-stakes-schedule/,Thoroughbred
USA,Wally's Choice Overnight Handicap,https://www.canterburypark.com/thoroughbred-stakes-schedule/,Thoroughbred
USA,Glitter Star Overnight Handicap,https://www.canterburypark.com/thoroughbred-stakes-schedule/,Thoroughbred
USA,Northern Lights Futurity,https://www.canterburypark.com/thoroughbred-stakes-schedule/,Thoroughbred
USA,Northern Lights Debutante,https://www.canterburypark.com/thoroughbred-stakes-schedule/,Thoroughbred
USA,Crocrock Minnesota Sprint,https://www.canterburypark.com/thoroughbred-stakes-schedule/,Thoroughbred
USA,Bella Notte Minnesota Distaff Sprint,https://www.canterburypark.com/thoroughbred-stakes-schedule/,Thoroughbred
USA,Blair's Cove Minnesota Turf,https://www.canterburypark.com/thoroughbred-stakes-schedule/,Thoroughbred
USA,Princess Elaine Minnesota Turf Distaff,https://www.canterburypark.com/thoroughbred-stakes-schedule/,Thoroughbred
USA,MTA Stallion Auction Stakes,https://www.canterburypark.com/thoroughbred-stakes-schedule/,Thoroughbred
USA,Tom Metzen HBPA Sprint Overnight Handicap,https://www.canterburypark.com/thoroughbred-stakes-schedule/,Thoroughbred
USA,Shakopee Juvenile Overnight Handicap,https://www.canterburypark.com/thoroughbred-stakes-schedule/,Thoroughbred
USA,Live Racing at Canterbury Park,https://www.canterburypark.com/racing/,Thoroughbred
USA,Running Aces Harness Park,https://runaces.com/racing/,Standardbred
USA,Minnesota Harness Racing,https://mnharness.com,Standardbred
USA,Minnesota Sire Stakes,https://mnharness.com,Standardbred
USA,Running Aces Casino & Racetrack,https://runaces.com,Standardbred
USA,Neshoba County Fair Harness Racing,https://neshobacountyfair.org/horseracing/,Standardbred
USA,Missouri State Fair Draft Horse Show,https://www.mostatefair.com/participate/livestock-building/livestock-exhibitors/equine/,Draft_Horse
USA,Missouri State Fair Draft Horse Pull,https://www.mostatefair.com/participate/livestock-building/livestock-exhibitors/equine/,Draft_Horse
USA,Missouri State Fair Draft Pony Show,https://www.mostatefair.com/participate/livestock-building/livestock-exhibitors/equine/,Draft_Pony
USA,Missouri State Fair Mule Show,https://www.mostatefair.com/participate/livestock-building/livestock-exhibitors/equine/,Mule
USA,Missouri State Fair Pony Pull,https://www.mostatefair.com/participate/livestock-building/livestock-exhibitors/equine/,Pony_Pull
USA,Andrew County Fair Horse Events,https://cofairs.com/andrew-county-fair-1611,Equestrian
USA,Ray County 4-H/FFA Fair Horse Show,https://extension.missouri.edu/events/ray-county-4-h-ffa-fair-0,Equestrian
USA,American Horseman Challenge National Finals,https://mostatefairgrounds.com/events/,Equestrian
USA,Miles City Bucking Horse Sale Race Meet,https://buckinghorsesale.com/horse-racing/,Thoroughbred
USA,Great Falls State Fair Race Meet,https://tickets.goexpopark.com/ordertickets.asp?p=1081,Thoroughbred
USA,Dan Lockie Quarter Horse Derby,https://buckinghorsesale.com/horse-racing/,Quarter_Horse
USA,Donnie Venable Memorial,https://buckinghorsesale.com/horse-racing/,Thoroughbred
USA,Golden Triangle Quarter Horse Allowance,https://buckinghorsesale.com/horse-racing/,Quarter_Horse
USA,Golden Triangle Thoroughbred Allowance,https://buckinghorsesale.com/horse-racing/,Thoroughbred
USA,Fillies & Mares Mother's Day Special,https://buckinghorsesale.com/horse-racing/,Thoroughbred
USA,Fonner Park Live Racing,https://www.fonnerpark.com,Thoroughbred
USA,Columbus Exposition & Racing,https://racingcommission.nebraska.gov/racing/race-dates,Thoroughbred
USA,Legacy Downs Live Racing,https://racingcommission.nebraska.gov/racing/race-dates,Thoroughbred
USA,Horsemen's Park Live Racing,https://racingcommission.nebraska.gov/racing/race-dates,Thoroughbred
USA,Fairplay Park Live Racing,https://racingcommission.nebraska.gov/racing/race-dates,Thoroughbred
USA,South Sioux City Live Racing,https://racingcommission.nebraska.gov/racing/race-dates,Thoroughbred
USA,Ak-Sar-Ben Stakes (Historical),https://www.aksarben.org,Thoroughbred
USA,Nebraska State Fair Horse Racing (Historical),https://www.statefair.org,Thoroughbred
USA,Nebraska Thoroughbred Breeders' Association Stakes,https://www.nebraskathoroughbredbreeders.com,Thoroughbred
USA,Nebraska Quarter Horse Racing Association Stakes,https://www.nqhra.com,Quarter_Horse
USA,Nebraska State Fair Harness Racing (Historical),https://www.statefair.org,Standardbred
USA,White Pine Horse Races,https://elynevada.net/event/county-fair-and-horse-races/,Thoroughbred
USA,Elko County Fair and Horse Races,https://www.racewithtrs.com,Thoroughbred
USA,Nevada Standardbred Development Program,https://harnesslink.com/usa/nevada-group-announces-development-program/,Standardbred
USA,Rockingham Park (Historical),https://www.horseracing.com/tracks/united-states/new-hampshire/rockingham-park/,Thoroughbred
USA,Hinsdale Raceway (Historical),https://www.horseracing.com/tracks/united-states/new-hampshire/,Standardbred
USA,Rochester Fair Harness Racing (Historical),https://www.horseracing.com/tracks/united-states/new-hampshire/,Standardbred
USA,The Brook (Simulcast Betting),https://www.thebrookcasino.com,Simulcast
USA,Preakness Stakes,https://www.preakness.com,Thoroughbred
USA,Haskell Invitational,https://www.monmouthpark.com,Thoroughbred
USA,United Nations Stakes,https://www.monmouthpark.com,Thoroughbred
USA,Monmouth Cup,https://www.monmouthpark.com,Thoroughbred
USA,Molly Pitcher Stakes,https://www.monmouthpark.com,Thoroughbred
USA,New Jersey Thoroughbred Festival,https://www.monmouthpark.com/event/nj-thoroughbred-festival/,Thoroughbred
USA,Meadowlands Cup,https://playmeadowlands.com,Thoroughbred
USA,Meadowlands Pace,https://playmeadowlands.com,Standardbred
USA,Hambletonian Stakes,https://playmeadowlands.com,Standardbred
USA,Hambletonian Oaks,https://playmeadowlands.com,Standardbred
USA,TVG Free For All Championship,https://playmeadowlands.com,Standardbred
USA,Arthur J. Cutler Memorial,https://playmeadowlands.com,Standardbred
USA,Golden Girls Stakes,https://playmeadowlands.com,Standardbred
USA,Miss Versatility Series,https://playmeadowlands.com,Standardbred
USA,John Cashman Memorial,https://playmeadowlands.com,Standardbred
USA,Dr. John Steele Memorial,https://playmeadowlands.com,Standardbred
USA,Shady Daisy Stakes,https://playmeadowlands.com,Standardbred
USA,Freehold Raceway Live Racing,https://www.freeholdraceway.com,Standardbred
USA,Far Hills Race Meeting,https://farhillsrace.org,Steeplechase
USA,Standardbred Breeders and Owners Association of New Jersey Stakes,https://sboanj.com,Standardbred
USA,National Standardbred Horse Show,https://www.sphonj.org,Standardbred
USA,NM Bred Stakes,https://nmhorsebreeders.com/stakes-nominations/,Thoroughbred
USA,NM Bred Stakes,https://nmhorsebreeders.com/stakes-nominations/,Quarter_Horse
USA,NMSF TB Futurity,https://nmhorsebreeders.com/stakes-nominations/,Thoroughbred
USA,NMSF QH Futurity,https://nmhorsebreeders.com/stakes-nominations/,Quarter_Horse
USA,NMSF QH Derby,https://nmhorsebreeders.com/stakes-nominations/,Quarter_Horse
USA,Zia Park Live Race Meet,https://www.ziaparkcasino.com/racing,Mixed
USA,The Downs Horse Racing at New Mexico State Fair,https://statefair.exponm.com/events/2023/the-downs-horse-racing%285%29,Mixed
USA,Belmont Stakes,https://www.nyra.com/belmont/,Thoroughbred
USA,Travers Stakes,https://www.nyra.com/saratoga/,Thoroughbred
USA,Jockey Club Gold Cup,https://www.nyra.com/belmont/,Thoroughbred
USA,Wood Memorial Stakes,https://www.nyra.com/aqueduct/,Thoroughbred
USA,Belmont Derby Invitational,https://www.nyra.com/belmont/,Thoroughbred
USA,Metropolitan Handicap,https://www.nyra.com/belmont/,Thoroughbred
USA,Cigar Mile,https://www.nyra.com/aqueduct/,Thoroughbred
USA,Carter Handicap,https://www.nyra.com/aqueduct/,Thoroughbred
USA,New York Sire Stakes,https://www.nysirestakes.com,Standardbred
USA,Empire Breeders Classic,https://www.tiogadowns.com,Standardbred
USA,Yonkers Trot,https://www.empirecitycasino.com/racing/,Standardbred
USA,Messenger Stakes,https://www.empirecitycasino.com/racing/,Standardbred
USA,Art Rooney Pace,https://www.empirecitycasino.com/racing/,Standardbred
USA,Hambletonian Stakes,https://playmeadowlands.com,Standardbred
USA,Saratoga Race Course Meet,https://www.nyra.com/saratoga/,Thoroughbred
USA,Aqueduct Racetrack Meet,https://www.nyra.com/aqueduct/,Thoroughbred
USA,Belmont Park Meet,https://www.nyra.com/belmont/,Thoroughbred
USA,Batavia Downs Gaming & Hotel Racing,https://www.bataviadownsgaming.com/live-racing/,Standardbred
USA,Vernon Downs Racing,https://www.vernondowns.com,Standardbred
USA,Goshen Historic Track Races,https://goshenhistorictrack.com,Standardbred
USA,Monticello Raceway,https://www.monticelloraceway.com,Standardbred
USA,Finger Lakes Gaming & Racetrack,https://www.fingerlakesgaming.com,Thoroughbred
USA,New York County Fair Races,https://www.nysirestakes.com,Standardbred
USA,Tryon Block House Steeplechase,https://www.tryonsteeplechase.com,Steeplechase
USA,Queen's Cup Steeplechase,https://queenscup.org,Steeplechase
USA,Pinehurst Harness Track Training,https://www.pinehurstharness.com,Standardbred
USA,North Dakota Horse Park Race Meet,https://www.hrnd.org/events,Thoroughbred
USA,North Dakota Horse Park Race Meet,https://www.hrnd.org/events,Quarter_Horse
USA,MHA Indian Horse Relay,https://ndstatefair.com/mha-indian-horse-relay/,Exhibition
USA,North Dakota State Fair Quarter Horse Show,https://ndstatefair.com/horse/,Quarter_Horse
USA,North Dakota State Fair Pre-Quarter Horse Show,https://ndstatefair.com/horse/,Quarter_Horse
USA,North Dakota Breeders Fund Races,https://www.racingcommission.nd.gov/horsemen/breeders-fund,Thoroughbred
USA,North Dakota Breeders Fund Races,https://www.racingcommission.nd.gov/horsemen/breeders-fund,Quarter_Horse
USA,Alternative Racing (Camel Zebra and Ostrich),https://www.fargomoorhead.org/event/horse-racing/693/,Exhibition
USA,The Best of Ohio Norm Barron - Queen City Oaks,https://www.hollywoodmahoningvalley.com,Thoroughbred
USA,The Horizon Stakes,https://www.hollywoodmahoningvalley.com,Thoroughbred
USA,The Best of Ohio Cleveland Kindergarten Stakes,https://www.hollywoodmahoningvalley.com,Thoroughbred
USA,The Best of Ohio Miss Ohio Stakes,https://www.hollywoodmahoningvalley.com,Thoroughbred
USA,The Best of Ohio Honey Jay Stakes,https://www.hollywoodmahoningvalley.com,Thoroughbred
USA,The Best of Ohio Pay The Man Stakes,https://www.hollywoodmahoningvalley.com,Thoroughbred
USA,The Best of Ohio Governor's Buckeye Cup Stakes,https://www.hollywoodmahoningvalley.com,Thoroughbred
USA,The Buckeye Native Stakes,https://www.hollywoodmahoningvalley.com,Thoroughbred
USA,The Tomboy Stakes,https://www.hollywoodmahoningvalley.com,Thoroughbred
USA,The Michael G. Mackey Memorial-Angenora Stakes,https://www.hollywoodmahoningvalley.com,Thoroughbred
USA,The Miss Southern Ohio Stakes,https://www.hollywoodmahoningvalley.com,Thoroughbred
USA,Loyalty Stakes,https://www.hollywoodmahoningvalley.com,Thoroughbred
USA,The Catlaunch Stakes,https://www.hollywoodmahoningvalley.com,Thoroughbred
USA,The Greg Veit Scarlet & Gray Stakes,https://www.hollywoodmahoningvalley.com,Thoroughbred
USA,The Emerald Necklace Stakes,https://www.hollywoodmahoningvalley.com,Thoroughbred
USA,The Best of Ohio Distaff Stakes,https://www.hollywoodmahoningvalley.com,Thoroughbred
USA,The Best of Ohio Endurance Stakes,https://www.hollywoodmahoningvalley.com,Thoroughbred
USA,The Best of Ohio Sprint Stakes,https://www.hollywoodmahoningvalley.com,Thoroughbred
USA,The Southern Park Stakes,https://www.hollywoodmahoningvalley.com,Thoroughbred
USA,The Howard B. Noonan Stakes,https://www.hollywoodmahoningvalley.com,Thoroughbred
USA,The Michael F. Rowland Memorial Stakes,https://www.hollywoodmahoningvalley.com,Thoroughbred
USA,The J. William Petro Memorial Stakes,https://www.hollywoodmahoningvalley.com,Thoroughbred
USA,The Tall Stack - Daryl Parker Memorial,https://www.hollywoodmahoningvalley.com,Thoroughbred
USA,The Best of Ohio Green Carpet Stakes,https://www.hollywoodmahoningvalley.com,Thoroughbred
USA,The Best of Ohio Babst/Palacios Memorial Stakes,https://www.hollywoodmahoningvalley.com,Thoroughbred
USA,The Best of Ohio Diana Stakes,https://www.hollywoodmahoningvalley.com,Thoroughbred
USA,The Best of Ohio Sydney Gendelman Memorial Stakes,https://www.hollywoodmahoningvalley.com,Thoroughbred
USA,The George Lewis Memorial,https://www.hollywoodmahoningvalley.com,Thoroughbred
USA,The Daniel Stearns Cleveland Gold Cup,https://www.hollywoodmahoningvalley.com,Thoroughbred
USA,The Dr. T.F. Classen Memorial Stakes,https://www.hollywoodmahoningvalley.com,Thoroughbred
USA,The Cincinnatian Stakes,https://www.hollywoodmahoningvalley.com,Thoroughbred
USA,The Jim Morgan Memorial - Tah Dah Stakes,https://www.hollywoodmahoningvalley.com,Thoroughbred
USA,The Vivacious Stakes,https://www.hollywoodmahoningvalley.com,Thoroughbred
USA,The Hoover Stakes,https://www.hollywoodmahoningvalley.com,Thoroughbred
USA,Ohio Sire Stakes,https://www.ohha.com,Standardbred
USA,Next Generation,https://www.harnessracingohio.com,Standardbred
USA,Moni Maker,https://www.harnessracingohio.com,Standardbred
USA,Nadia Lobell,https://www.harnessracingohio.com,Standardbred
USA,Ohio State Fair Races,https://www.harnessracingohio.com,Standardbred
USA,#SendItIn Invitational,https://www.harnessracingohio.com,Standardbred
USA,Cleopatra Invitational,https://www.harnessracingohio.com,Standardbred
USA,Ohio Sire Stakes Veteran Championships,https://www.harnessracingohio.com,Standardbred
USA,Charlie Hill Memorial Trot,https://www.harnessracingohio.com,Standardbred
USA,Jim Ewart Memorial Pace,https://www.harnessracingohio.com,Standardbred
USA,Battle of Lake Erie,https://www.harnessracingohio.com,Standardbred
USA,Carl Milstein Memorial,https://www.harnessracingohio.com,Standardbred
USA,Courageous Lady,https://www.harnessracingohio.com,Standardbred
USA,Ohio Sire Stakes Super Night Finals,https://www.harnessracingohio.com,Standardbred
USA,Buckeye Stallion Series Finals,https://www.harnessracingohio.com,Standardbred
USA,Ohio Fairs Championship Finals,https://www.harnessracingohio.com,Standardbred
USA,Dayton Pacing Derby,https://www.harnessracingohio.com,Standardbred
USA,Dayton Trotting Derby,https://www.harnessracingohio.com,Standardbred
USA,Montgomery County Fair,https://www.harnessracingohio.com,Standardbred
USA,Oklahoma Derby,https://www.remingtonpark.com,Thoroughbred
USA,Springboard Mile,https://www.remingtonpark.com,Thoroughbred
USA,Oklahoma Classics Night,https://www.remingtonpark.com,Thoroughbred
USA,Remington Park Thoroughbred Season,https://www.remingtonpark.com,Thoroughbred
USA,Will Rogers Downs Spring Thoroughbred Season,https://www.cherokeecasino.com/will-rogers-downs,Thoroughbred
USA,Fair Meadows Tulsa Race Meet,https://www.fairmeadowstulsa.com,Thoroughbred
USA,Oklahoma Futurity,https://www.oqhra.com,Quarter_Horse
USA,Heritage Place Futurity,https://www.oqhra.com,Quarter_Horse
USA,Remington Park Futurity,https://www.oqhra.com,Quarter_Horse
USA,Black Gold Program,https://www.oqhra.com,Quarter_Horse
USA,Grants Pass Downs Live Racing,https://www.grantspassdowns.com,Thoroughbred
USA,Eastern Oregon Livestock Show Races,https://www.easternoregonlivestockshow.com/racing.html,Thoroughbred
USA,Crooked River Roundup,https://www.crookedriverroundup.com,Thoroughbred
USA,Tillamook County Fair Races,https://www.tillamookfair.com,Thoroughbred
USA,Harney County Fair Races,https://www.harneycountyfair.com,Thoroughbred
USA,Union County Fair Races,https://www.unioncountyfair.org,Thoroughbred
USA,Prineville Race Meet,https://www.crookedriverroundup.com,Thoroughbred
USA,Portland Meadows (Historical),https://www.portlandmeadows.com,Thoroughbred
USA,Oregon State Fair Horse Show,https://oregonstatefair.org,Equestrian
USA,Oregon Quarter Horse Racing Association Stakes,https://www.oregonqhra.org,Quarter_Horse
USA,Grants Pass Downs Quarter Horse Races,https://www.grantspassdowns.com,Quarter_Horse
USA,Oregon Barrel Racing Association Events,https://oregonbarrelracing.com/schedule/,Barrel_Racing
USA,Pennsylvania Derby,https://www.parxracing.com,Thoroughbred
USA,Cotillion Stakes,https://www.parxracing.com,Thoroughbred
USA,Parx Racing Stakes,https://www.parxracing.com,Thoroughbred
USA,Penn Mile Stakes,https://www.hollywoodpnrc.com,Thoroughbred
USA,Pennsylvania Governor's Cup,https://www.hollywoodpnrc.com,Thoroughbred
USA,Smarty Jones Stakes,https://www.parxracing.com,Thoroughbred
USA,Dr. James Penny Memorial Stakes,https://www.parxracing.com,Thoroughbred
USA,Greenwood Cup Stakes,https://www.parxracing.com,Thoroughbred
USA,PA Day at the Races,https://www.parxracing.com,Thoroughbred
USA,PA-Bred Stakes,https://pennhorseracing.com,Thoroughbred
USA,PA Sire Stakes,https://www.agriculture.pa.gov/Animals/RacingCommission/PA%20State%20Harness%20Racing/Pages/Sire-Stake-Program.aspx,Standardbred
USA,PA Stallion Series,https://www.agriculture.pa.gov/Animals/RacingCommission/PA%20State%20Harness%20Racing/Pages/Sire-Stake-Program.aspx,Standardbred
USA,PA Fair Harness Racing,https://pafairsracing.org,Standardbred
USA,Adios Pace,https://www.meadowsgaming.com,Standardbred
USA,Meadows Maturity,https://www.meadowsgaming.com,Standardbred
USA,Meadows Standardbred Meet,https://www.meadowsgaming.com,Standardbred
USA,Liberty Bell Series,https://www.harrahsphilly.com,Standardbred
USA,Harrah's Philadelphia Live Racing,https://www.harrahsphilly.com,Standardbred
USA,Keystone Classic,https://www.meadowsgaming.com,Standardbred
USA,Simulcast Racing at Mohegan Sun Pocono,https://moheganpa.com/racing/schedules.html,Thoroughbred
USA,Simulcast Racing at Mohegan Sun Pocono,https://moheganpa.com/racing/schedules.html,Standardbred
USA,PA Breeders Fund Stakes,https://pennhorseracing.com,Thoroughbred
USA,PA Fair Circuit,https://pafairsracing.org,Standardbred
USA,PA Horse Racing Association Events,https://pennhorseracing.com/events/,Mixed
USA,Narragansett Park Races (Historical),https://en.wikipedia.org/wiki/Narragansett_Park,Thoroughbred
USA,Lincoln Downs Races (Historical),http://www.horseracing-tracks.com/tracks/ri/homeLd.html,Thoroughbred
USA,Lincoln Downs Harness Racing (Historical),http://www.horseracing-tracks.com/tracks/ri/homeLd.html,Standardbred
USA,Bally's Twin River Lincoln Simulcast Racing,https://casinos.ballys.com/lincoln/racebook.htm,Simulcast
USA,Carolina Cup,https://carolinacup.org,Steeplechase
USA,Colonial Cup Races,https://carolinacup.org,Steeplechase
USA,Steeplechase of Charleston,https://steeplechaseofcharleston.com,Steeplechase
USA,Aiken Spring Steeplechase,https://aikensteeplechase.com,Steeplechase
USA,Aiken Fall Steeplechase,https://aikensteeplechase.com,Steeplechase
USA,Aiken Trials,https://www.visitaikensc.com/event/aiken-spring-steeplechase/,Thoroughbred
USA,Pacers and Polo,https://discoversouthcarolina.com/articles/check-out-these-sc-horse-events,Polo
USA,Fort Pierre Horse Races,https://www.fortpierre.com/events/fort-pierre-horse-races/,Thoroughbred
USA,Fort Pierre Horse Races,https://www.fortpierre.com/events/fort-pierre-horse-races/,Quarter_Horse
USA,Lincoln County Fair Harness Races,https://www.lincolncountyfairtn.com/harness-racing,Standardbred
USA,Lincoln County Fair Quarter Horse Races,https://www.lincolncountyfairtn.com/quarter-horse-races,Quarter_Horse
USA,Iroquois Steeplechase,https://www.iroquoissteeplechase.org,Steeplechase
USA,Lone Star Park Thoroughbred Racing Season,https://www.lonestarpark.com,Thoroughbred
USA,Sam Houston Race Park Thoroughbred Meet,https://www.shrp.com,Thoroughbred
USA,Sam Houston Race Park Quarter Horse Meet,https://www.shrp.com,Quarter_Horse
USA,Retama Park Quarter Horse Meet,https://www.retamapark.com,Quarter_Horse
USA,Gillespie County Fair Races,https://texasthoroughbred.com,Mixed
USA,Texas Thoroughbred Association Futurity,https://www.bloodhorse.com/horse-racing/race/usa/ls/2024/7/13/8/texas-thoroughbred-association-futurity,Thoroughbred
USA,Houston Racing Festival,https://www.shrp.com,Thoroughbred
USA,Houston Ladies Classic,https://www.shrp.com,Thoroughbred
USA,John B. Connally Turf,https://www.shrp.com,Thoroughbred
USA,Bob Bork Texas Turf Mile,https://www.shrp.com,Thoroughbred
USA,Bara Lass Stakes,https://www.shrp.com,Thoroughbred
USA,Groovy Stakes,https://www.shrp.com,Thoroughbred
USA,Texas Stallion Stakes Series,https://texasthoroughbred.com/tta-races/,Thoroughbred
USA,Texas Thoroughbred Futurity,https://texasthoroughbred.com/tta-races/,Thoroughbred
USA,Texas Thoroughbred Derby,https://texasthoroughbred.com/tta-races/,Thoroughbred
USA,Texas Thoroughbred Oaks,https://texasthoroughbred.com/tta-races/,Thoroughbred
USA,Lone Star Park Quarter Horse Meet,https://www.lonestarpark.com,Quarter_Horse
USA,Texas Quarter Horse Association Futurity,https://www.retamapark.com,Quarter_Horse
USA,Beehive Futurity,https://www.uqhra.com/racing-information,Quarter_Horse
USA,Maiden Frolic,https://www.uqhra.com/racing-information,Quarter_Horse
USA,Ron Moosman Memorial Non-Winners of Two,https://www.uqhra.com/racing-information,Quarter_Horse
USA,Hadley Giles Futurity,https://www.uqhra.com/racing-information,Quarter_Horse
USA,89 & Under Speed Index Allowance,https://www.uqhra.com/racing-information,Quarter_Horse
USA,Open Derby,https://www.uqhra.com/racing-information,Quarter_Horse
USA,Maturity,https://www.uqhra.com/racing-information,Quarter_Horse
USA,Canyon Breeze Racetrack Memorial Day Races,https://beaverutah.net/horse-races/,Mixed
USA,Canyon Breeze Racetrack Pioneer Day Races,https://beaverutah.net/horse-races/,Mixed
USA,Utah Sighthound Racing & Coursing Club,https://extension.usu.edu/bastianagriculturalcenter/calendar?trumbaEmbed=view%3Devent%26eventid%3D173125931,Sighthound
USA,Vermont 100 Endurance Race,https://vermont100.com,Endurance
USA,Vermont State Fair Harness Racing (Non-Wagering),http://www.horseracing-tracks.com/tracks/vt/menuVt.html,Standardbred
USA,Orleans County Fair Harness Racing (Non-Wagering),http://www.horseracing-tracks.com/tracks/vt/menuVt.html,Standardbred
USA,Tunbridge World's Fair Harness Racing (Non-Wagering),http://www.horseracing-tracks.com/tracks/vt/menuVt.html,Standardbred
USA,Rappahannock Hunt Point-to-Point,https://www.virginiahorseracing.com,Steeplechase
USA,Warrenton Hunt Point-to-Point,https://www.virginiahorseracing.com,Steeplechase
USA,Piedmont Fox Hounds Point-to-Point,https://www.virginiahorseracing.com,Steeplechase
USA,Blue Ridge Hunt Point-to-Point,https://www.virginiahorseracing.com,Steeplechase
USA,Shenandoah Downs Spring Harness Racing Season,https://www.virginiahorseracing.com,Standardbred
USA,Old Dominion Hounds Point-to-Point,https://www.virginiahorseracing.com,Steeplechase
USA,Middleburg Spring Races,https://www.virginiahorseracing.com,Steeplechase
USA,Loudoun Hunt Point-to-Point,https://www.virginiahorseracing.com,Steeplechase
USA,Foxfield Spring Races,https://www.virginiahorseracing.com,Steeplechase
USA,Middleburg Hunt Point-to-Point,https://www.virginiahorseracing.com,Steeplechase
USA,Virginia Gold Cup Races,https://vagoldcup.com,Steeplechase
USA,Colonial Downs Thoroughbred Racing Season,https://www.colonialdowns.com,Thoroughbred
USA,Arlington Million,https://www.colonialdowns.com,Thoroughbred
USA,Beverly D Stakes,https://www.colonialdowns.com,Thoroughbred
USA,Secretariat Stakes,https://www.colonialdowns.com,Thoroughbred
USA,Shenandoah County Fair Harness Race Meet,https://www.virginiahorseracing.com,Standardbred
USA,Virginia Derby,https://www.colonialdowns.com,Thoroughbred
USA,Shenandoah Downs Fall Harness Racing Season,https://www.virginiahorseracing.com,Standardbred
USA,Foxfield Fall Races,https://www.virginiahorseracing.com,Steeplechase
USA,Middleburg Fall Races,https://vafallraces.com,Steeplechase
USA,International Gold Cup Races,https://vagoldcup.com,Steeplechase
USA,Virginia Breeder's Harness Championships,https://www.virginiahorseracing.com,Standardbred
USA,Montpelier Hunt Races,https://www.montpelierraces.org,Steeplechase
USA,Longacres Mile,https://emeralddowns.com/stakes-nominations/,Thoroughbred
USA,Washington Oaks,https://emeralddowns.com/stakes-nominations/,Thoroughbred
USA,Emerald Distaff,https://emeralddowns.com/stakes-nominations/,Thoroughbred
USA,Muckleshoot Derby,https://emeralddowns.com/stakes-nominations/,Thoroughbred
USA,Seattle Stakes,https://emeralddowns.com/stakes-nominations/,Thoroughbred
USA,Auburn Stakes,https://emeralddowns.com/stakes-nominations/,Thoroughbred
USA,Hastings Stakes,https://emeralddowns.com/stakes-nominations/,Thoroughbred
USA,Budweiser Stakes,https://emeralddowns.com/stakes-nominations/,Thoroughbred
USA,Angie C Stakes,https://emeralddowns.com/stakes-nominations/,Thoroughbred
USA,King County Express Stakes,https://emeralddowns.com/stakes-nominations/,Thoroughbred
USA,Irish Day Stakes,https://emeralddowns.com/stakes-nominations/,Thoroughbred
USA,Kent Stakes,https://emeralddowns.com/stakes-nominations/,Thoroughbred
USA,Governor's Stakes,https://emeralddowns.com/stakes-nominations/,Thoroughbred
USA,WA State Legislators Stakes,https://emeralddowns.com/stakes-nominations/,Thoroughbred
USA,WTBOA Lassies Stakes,https://emeralddowns.com/stakes-nominations/,Thoroughbred
USA,WTBOA Lads Stakes,https://emeralddowns.com/stakes-nominations/,Thoroughbred
USA,WA Cup Juvenile Fillies Stakes,https://emeralddowns.com/stakes-nominations/,Thoroughbred
USA,WA Cup Juvenile Colts and Geldings Stakes,https://emeralddowns.com/stakes-nominations/,Thoroughbred
USA,Muckleshoot Tribal Classic,https://emeralddowns.com/stakes-nominations/,Thoroughbred
USA,WA Cup Fillies and Mares Stakes,https://emeralddowns.com/stakes-nominations/,Thoroughbred
USA,Gottstein Futurity,https://emeralddowns.com/stakes-nominations/,Thoroughbred
USA,Bank of America Challenge,https://emeralddowns.com/stakes-nominations/,Quarter_Horse
USA,John Deere Juvenile Challenge,https://emeralddowns.com/stakes-nominations/,Quarter_Horse
USA,Dayton Days,https://www.horseracing.com/tracks/united-states/washington/,Mixed
USA,Sun Downs,https://www.horseracing.com/tracks/united-states/washington/,Mixed
USA,Waitsburg,https://www.horseracing.com/tracks/united-states/washington/,Mixed
USA,Walla Walla Fair Grounds,https://www.horseracing.com/tracks/united-states/washington/,Mixed
USA,Charles Town Classic,https://www.hollywoodcasinocharlestown.com/racing,Thoroughbred
USA,Race for the Ribbon,https://www.hollywoodcasinocharlestown.com/racing,Thoroughbred
USA,West Virginia Breeders Classics,http://wvbc.com,Thoroughbred
USA,Original Gold Stakes,https://www.hollywoodcasinocharlestown.com/racing,Thoroughbred
USA,West Virginia Derby,https://www.bloodhorse.com/horse-racing/racetracks/76/mountaineer-casino-racetrack-resort,Thoroughbred
USA,Mountaineer Live Racing,https://www.cnty.com/mountaineer/racing,Thoroughbred
USA,Charles Town Stakes Schedule,https://www.hollywoodcasinocharlestown.com/racing,Thoroughbred
USA,West Virginia Sire Stakes,https://www.vhha.net,Standardbred
USA,Barron County Fair Harness Racing,https://www.barroncountyfair.com/events,Standardbred
USA,Iowa County Fair Harness Races,https://allevents.in/mineral%20point/harness-races/200026746632531,Standardbred
USA,Wisconsin State Fair Horse Shows,https://wistatefair.com/fair/horses/,Mixed
USA,Wisconsin Harness Horse Association Races,http://wiharnessracing.com/index.php,Standardbred
USA,Walworth County Fairgrounds Horse Shows,https://www.walworthcountyfairgrounds.com/calendar,Mixed
USA,Wyoming Downs Live Racing,https://wydowns.com/2024-events/,Mixed
USA,Energy Downs Live Racing,https://www.307horseracing.com/race-schedule,Mixed
USA,Sweetwater Downs Horse Racing,https://www.sweetwaterevents.com/events/2023/sweetwater-downs-horse-racing2,Mixed
USA,Governor's Cup Race,https://wydowns.com/2024-events/,Mixed
USA,Raysha's Race,https://wydowns.com/2024-events/,Mixed
USA,Indian Relay Races,https://wydowns.com/2024-events/,Exhibition
USA,Indian Relay Championship Races,https://wydowns.com/2024-events/,Exhibition
New Zealand,New Zealand Triple Crown,https://www.nzracing.co.nz,Thoroughbred
New Zealand,Hawke's Bay Triple Crown,https://www.hawkesbayracing.co.nz,Thoroughbred
New Zealand,Weight-For-Age Triple Crown,https://www.nzracing.co.nz,Thoroughbred
New Zealand,Sprint Triple Crown,https://www.nzracing.co.nz,Thoroughbred
New Zealand,Fillies And Mares Triple Crown,https://www.nzracing.co.nz,Thoroughbred
New Zealand,New Zealand Trotting Cup,https://www.hrnz.co.nz,Standardbred
New Zealand,Inter Dominion,https://www.hrnz.co.nz,Standardbred
New Zealand,Auckland Cup,https://www.alexandrapark.nz,Standardbred
New Zealand,Rowe Cup,https://www.alexandrapark.nz,Standardbred
New Zealand,Harness Jewels,https://www.hrnz.co.nz,Standardbred
New Zealand,Wellington Cup,https://www.trentham.co.nz,Thoroughbred
New Zealand,Karaka Million,https://www.ellerslie.co.nz,Thoroughbred
New Zealand,New Zealand Derby,https://www.ellerslie.co.nz,Thoroughbred
New Zealand,Telegraph Handicap,https://www.trentham.co.nz,Thoroughbred
New Zealand,Thorndon Mile,https://www.trentham.co.nz,Thoroughbred
New Zealand,Levin Classic,https://www.trentham.co.nz,Thoroughbred
New Zealand,Captain Cook Stakes,https://www.trentham.co.nz,Thoroughbred
New Zealand,Zabeel Classic,https://www.ellerslie.co.nz,Thoroughbred
New Zealand,New Zealand Oaks,https://www.trentham.co.nz,Thoroughbred
Canada,Armbro Flight Stakes,https://woodbine.com/mohawk,Standardbred
Canada,Breeders' Stakes,https://woodbine.com,Thoroughbred
Canada,Canadian International Stakes,https://woodbine.com,Thoroughbred
Canada,Canadian Pacing Derby,https://woodbine.com/mohawk,Standardbred
Canada,Canadian Triple Crown,https://woodbine.com/thoroughbred/canadian-triple-crown,Thoroughbred
Canada,Canadian Trotting Classic,https://woodbine.com/mohawk,Standardbred
Canada,Confederation Cup,https://flamborowoodsbinggaming.com,Standardbred
Canada,Coronation Futurity,https://woodbine.com,Thoroughbred
Canada,E.P. Taylor Stakes,https://woodbine.com,Thoroughbred
Canada,Fan Hanover Stakes,https://woodbine.com/mohawk,Standardbred
Canada,Goodtimes Stakes,https://woodbine.com/mohawk,Standardbred
Canada,Grey Stakes,https://woodbine.com,Thoroughbred
Canada,King's Plate,https://woodbine.com,Thoroughbred
Canada,Maple Leaf Trot,https://woodbine.com/mohawk,Standardbred
Canada,Mazarine Stakes,https://woodbine.com,Thoroughbred
Canada,Metro Pace,https://woodbine.com/mohawk,Standardbred
Canada,Mohawk Million,https://woodbine.com/mohawk,Standardbred
Canada,Natalma Stakes,https://woodbine.com,Thoroughbred
Canada,North America Cup,https://woodbine.com/mohawk,Standardbred
Canada,Northern Dancer Turf Stakes,https://woodbine.com,Thoroughbred
Canada,Ontario Derby,https://woodbine.com,Thoroughbred
Canada,Ontario Sires Stakes,https://standardbredcanada.ca,Standardbred
Canada,Peaceful Way Stakes,https://woodbine.com/mohawk,Standardbred
Canada,Pepsi North America Cup,https://woodbine.com/mohawk,Standardbred
Canada,Prince of Wales Stakes,https://forterieracing.com,Thoroughbred
Canada,Ricoh Woodbine Mile,https://woodbine.com,Thoroughbred
Canada,Roses Are Red Stakes,https://woodbine.com/mohawk,Standardbred
Canada,Somebeachsomewhere Stakes,https://woodbine.com/mohawk,Standardbred
Canada,Summer Stakes,https://woodbine.com,Thoroughbred
Canada,William Wellwood Memorial,https://woodbine.com/mohawk,Standardbred
Canada,Woodbine Oaks,https://woodbine.com,Thoroughbred